Nucleus,Ex,T1/2,I,μ(nm),A,Z,symbol,latex
0 n 1,0,10.6 m,1/2+,-1.9130427(5) d,1,0,n,$^{1}_{0}n$
1 H 1,0,stable,1/2+,+2.79284734(3) d,1,1,H,$^{1}_{1}H$
1 H 2,0,stable,1+,+0.857438228(9) d,2,1,H,$^{2}_{1}H$
1 H 3,0,12.33 y,1/2+,+2.97896244(4),3,1,H,$^{3}_{1}H$
2 He 3,0,stable,1/2+,-2.12749772(3),3,2,He,$^{3}_{2}He$
3 Li 6,0,stable,1+,+0.8220473(6),6,3,Li,$^{6}_{3}Li$
3 Li 7,0,stable,3/2-,+3.256427(2),7,3,Li,$^{7}_{3}Li$
3 Li 8,0,842 ms,2+,+1.65340(2),8,3,Li,$^{8}_{3}Li$
3 Li 9,0,178 ms,3/2-,3.4391(6),9,3,Li,$^{9}_{3}Li$
3 Li 11,0,7.7 ms,3/2-,3.668(3),11,3,Li,$^{11}_{3}Li$
4 Be 9,0,stable,3/2-,-1.1778(9),9,4,Be,$^{9}_{4}Be$
5 B 8,0,0.77 s,2+,1.0355(3),8,5,B,$^{8}_{5}B$
5 B 10,0,stable,3+,+1.80064478(6),10,5,B,$^{10}_{5}B$
5 B 11,0,stable,3/2-,+2.6886489(10),11,5,B,$^{11}_{5}B$
5 B 12,0,20.4 ms,1+,+1.00272(11),12,5,B,$^{12}_{5}B$
5 B 13,0,17.4 ms,3/2-,+3.1778(5),13,5,B,$^{13}_{5}B$
5 B 14,0,13.8 ms,2-,1.185(5),14,5,B,$^{14}_{5}B$
5 B 15,0,10.3 ms,3/2-,2.659(15),15,5,B,$^{15}_{5}B$
5 B 17,0,5.1 ms,(3/2-),2.55(2),17,5,B,$^{17}_{5}B$
6 C 9,0,126 ms,3/2-,1.3914(5),9,6,C,$^{9}_{6}C$
6 C 11,0,20.4 m,3/2-,-0.964(1),11,6,C,$^{11}_{6}C$
6 C 12,4438,45 fs,2+,,12,6,C,$^{12}_{6}C$
6 C 13,0,stable,1/2-,+0.7024118(14),13,6,C,$^{13}_{6}C$
6 C 14,6728,67 ps,3-,0.82(2),14,6,C,$^{14}_{6}C$
6 C 15,0,2.45 s,1/2+,1.32(7),15,6,C,$^{15}_{6}C$
7 N 12,0,11.0 ms,1+,0.4573(5),12,7,N,$^{12}_{7}N$
7 N 13,0,9.96 m,1/2-,0.3222(4) r,13,7,N,$^{13}_{7}N$
7 N 14,0,stable,1+,+0.40376100(6),14,7,N,$^{14}_{7}N$
7 N 15,0,stable,1/2-,-0.28318884(5),15,7,N,$^{15}_{7}N$
7 N 16,293,91.3 ps,3-,1.60(6),16,7,N,$^{16}_{7}N$
7 N 17,0,4.17 s,1/2-,0.352(2),17,7,N,$^{17}_{7}N$
8 O 13,0,8..6 ms,3/2-,"1.3891(3) d, K",13,8,O,$^{13}_{8}O$
8 O 15,0,122 s,1/2-,0.71951(12) c,15,8,O,$^{15}_{8}O$
8 O 16,6130,18.4 ps,3-,+1.668(12),16,8,O,$^{16}_{8}O$
8 O 17,0,stable,5/2+,-1.89379(9),17,8,O,$^{17}_{8}O$
8 O 18,1982,2.07 ps,2+,-0.57(3),18,8,O,$^{18}_{8}O$
8 O 19,0,27 s,5/2+,1.53195(7) c,19,8,O,$^{19}_{8}O$
8 O 20,1674,7.4 ps,2+,0.70(3),20,8,O,$^{20}_{8}O$
9 F 17,0,64.5 s,5/2+,+4.7213(3),17,9,F,$^{17}_{9}F$
9 F 18,937,47 ps,3+,+1.6(2),18,9,F,$^{18}_{9}F$
9 F 19,0,stable,1/2+,+2.628868(8),19,9,F,$^{19}_{9}F$
9 F 20,0,11 s,2+,+2.09335(9),20,9,F,$^{20}_{9}F$
9 F 21,0,4.16 s,5/2+,3.93(5),21,9,F,$^{21}_{9}F$
10 Ne 19,0,17.3 s,1/2+,-1.88542(8),19,10,Ne,$^{19}_{10}Ne$
10 Ne 20,1634,0.7 ps,2+,+1.08(8),20,10,Ne,$^{20}_{10}Ne$
10 Ne 21,0,stable,3/2+,-0.661797(5),21,10,Ne,$^{21}_{10}Ne$
10 Ne 22,1275,3.6 ps,2+,+0.65(2),22,10,Ne,$^{22}_{10}Ne$
10 Ne 23,0,37.6 s,5/2+,-1.08(1),23,10,Ne,$^{23}_{10}Ne$
11 Na 20,0,0.446 s,2+,+0.3694(2),20,11,Na,$^{20}_{11}Na$
11 Na 21,0,22.5 s,3/2+,+2.83630(10),21,11,Na,$^{21}_{11}Na$
11 Na 22,0,2.60 y,3+,+1.746(3),22,11,Na,$^{22}_{11}Na$
11 Na 23,0,stable,3/2+,+2.217522(2),23,11,Na,$^{23}_{11}Na$
11 Na 24,0,15.0 h,4+,+1.6903(8),24,11,Na,$^{24}_{11}Na$
11 Na 25,0,60 s,5/2+,+3.683(4),25,11,Na,$^{25}_{11}Na$
11 Na 26,0,1.07 s,3+,+2.851(2),26,11,Na,$^{26}_{11}Na$
11 Na 27,0,0.29 s,5/2+,+3.895(5),27,11,Na,$^{27}_{11}Na$
11 Na 28,0,30.5 ms,1+,+2.426(5),28,11,Na,$^{28}_{11}Na$
11 Na 29,0,43 ms,(3/2),+2.449(8),29,11,Na,$^{29}_{11}Na$
11 Na 30,0,53 ms,(2),+2.083(10),30,11,Na,$^{30}_{11}Na$
11 Na 31,0,17 ms,(3/2),+2.305(8),31,11,Na,$^{31}_{11}Na$
12 Mg 23,0,11.3 s,3/2+,0.5364(3),23,12,Mg,$^{23}_{12}Mg$
12 Mg 24,1369,1.45 ps,2+,+1.02(4),24,12,Mg,$^{24}_{12}Mg$
12 Mg 24,1369,1.44 ps,2+,,24,12,Mg,$^{24}_{12}Mg$
12 Mg 25,0,stable,5/2+,-0.85545(8),25,12,Mg,$^{25}_{12}Mg$
12 Mg 26,1809,476 fs,2+,+1.0(3),26,12,Mg,$^{26}_{12}Mg$
13 Al 25,0,7.18 s,5/2+,3.6455(12),25,13,Al,$^{25}_{13}Al$
13 Al 26,0,7x10*5 y,5+,+2.804(4),26,13,Al,$^{26}_{13}Al$
13 Al 27,0,stable,5/2+,+3.6415069(7),27,13,Al,$^{27}_{13}Al$
13 Al 28,0,2.24 m,3+,3.242(5),28,13,Al,$^{28}_{13}Al$
14 Si 27,0,4.1 s,5/2+,"(-)0,8554(4)",27,14,Si,$^{27}_{14}Si$
14 Si 28,1779,0.49 ps,2+,+1.1(2),28,14,Si,$^{28}_{14}Si$
14 Si 29,0,stable,1/2+,-0.55529(3),29,14,Si,$^{29}_{14}Si$
14 Si 30,2235,0.25 ps,2+,+0.8(2),30,14,Si,$^{30}_{14}Si$
14 Si 32,1941,0.4 ps,2+,,32,14,Si,$^{32}_{14}Si$
14 Si 33,0,6.332 s,(3/2+),1.21(3),33,14,Si,$^{33}_{14}Si$
15 P 29,0,4.1 s,1/2+,1.2349(3),29,15,P,$^{29}_{15}P$
15 P 31,0,stable,1/2+,+1.13160(3),31,15,P,$^{31}_{15}P$
15 P 31,0,14.28 d,1+,-0.2524(3),31,15,P,$^{31}_{15}P$
16 S 31,0,2.6 s,1/2+,0.48793(8),31,16,S,$^{31}_{16}S$
16 S 32,2230,0.16 ps,2+,+0.9(2),32,16,S,$^{32}_{16}S$
16 S 33,0,stable,3/2+,+0.6438212(14),33,16,S,$^{33}_{16}S$
16 S 34,2128,0.32 ps,2+,+1.0(2),34,16,S,$^{34}_{16}S$
16 S 35,0,87.4 d,3/2+,+1.00(4) or +1.07(4),35,16,S,$^{35}_{16}S$
17 Cl 33,0,2.52 s,3/2+,+0.752(2),33,17,Cl,$^{33}_{17}Cl$
17 Cl 35,0,stable,3/2+,+0.8218743(4),35,17,Cl,$^{35}_{17}Cl$
17 Cl 36,0,3.0x105 y,2+,+1.28547(5),36,17,Cl,$^{36}_{17}Cl$
17 Cl 37,0,stable,3/2+,+0.6841236(4),37,17,Cl,$^{37}_{17}Cl$
17 Cl 38,0,37.3 m,2-,2.05(2),38,17,Cl,$^{38}_{17}Cl$
18 Ar 33,0,0.174 s,1/2+,-0.723(6),33,18,Ar,$^{33}_{18}Ar$
18 Ar 35,0,1.78s,3/2+,+0.633(7),35,18,Ar,$^{35}_{18}Ar$
18 Ar 36,1970,0.28 ps,2+,,36,18,Ar,$^{36}_{18}Ar$
18 Ar 37,0,35.0 d,3/2+,+0.8(3),37,18,Ar,$^{37}_{18}Ar$
18 Ar 39,0,269 y,7/2-,-1.588(15),39,18,Ar,$^{39}_{18}Ar$
18 Ar 40,1461,1.12 ps,2+,-0.2(2),40,18,Ar,$^{40}_{18}Ar$
19 K 36,0,0.34 s,2+,(+)0.548(1),36,19,K,$^{36}_{19}K$
19 K 37,0,1.23 s,3/2+,+0.20321(6),37,19,K,$^{37}_{19}K$
19 K 38,0,7.61 m,3+,+1.371(6),38,19,K,$^{38}_{19}K$
19 K 39,0,stable,3/2+,+0.39147(3),39,19,K,$^{39}_{19}K$
19 K 40,0,1.28 x 109 y,4-,-1.298100(3),40,19,K,$^{40}_{19}K$
19 K 41,0,stable,3/2+,+0.2148701(2),41,19,K,$^{41}_{19}K$
19 K 42,0,12.36 h,2-,-1.1425(6),42,19,K,$^{42}_{19}K$
19 K 43,0,22.3 h,3/2+,+0.1633(8),43,19,K,$^{43}_{19}K$
19 K 44,0,22.1 m,2-,-0.856(4),44,19,K,$^{44}_{19}K$
19 K 45,0,20 m,3/2+,+0.1734(8),45,19,K,$^{45}_{19}K$
19 K 46,0,115 s,2-,-1.051(6),46,19,K,$^{46}_{19}K$
19 K 47,0,17.5 s,1/2+,+1.933(9),47,19,K,$^{47}_{19}K$
20 Ca 39,0,0.86 s,3/2+,1.02168(12),39,20,Ca,$^{39}_{20}Ca$
20 Ca 40,3737,47 ps,3-,+1.6(3),40,20,Ca,$^{40}_{20}Ca$
20 Ca 41,0,1.0x105 y,7/2-,-1.594781(9),41,20,Ca,$^{41}_{20}Ca$
20 Ca 42,1525,0.82 ps,2+,,42,20,Ca,$^{42}_{20}Ca$
20 Ca 43,0,stable,7/2-,-1.3173(6),43,20,Ca,$^{43}_{20}Ca$
20 Ca 44,1157,2.9 ps,2+,-0.6(2),44,20,Ca,$^{44}_{20}Ca$
20 Ca 45,0,165 d,7/2-,-1.3274(14),45,20,Ca,$^{45}_{20}Ca$
20 Ca 47,0,4.5 d,7/2-,-1.38(3),47,20,Ca,$^{47}_{20}Ca$
21 Sc 41,0,0.59 s,7/2-,+5.431(2) d,41,21,Sc,$^{41}_{21}Sc$
21 Sc 43,0,3.89 h,7/2-,+4.62(4),43,21,Sc,$^{43}_{21}Sc$
21 Sc 44,0,3.93 h,2+,+2.56(3),44,21,Sc,$^{44}_{21}Sc$
21 Sc 45,0,stable,7/2-,+4.756487(2),45,21,Sc,$^{45}_{21}Sc$
21 Sc 46,0,83.81 d,4+,+3.03(2),46,21,Sc,$^{46}_{21}Sc$
21 Sc 47,0,3.42 d,7/2-,+5.34(2),47,21,Sc,$^{47}_{21}Sc$
22 Ti 43,0,0.50 s,7/2-,0.85(2),43,22,Ti,$^{43}_{22}Ti$
22 Ti 45,0,3.09 h,7/2-,0.095(2),45,22,Ti,$^{45}_{22}Ti$
22 Ti 46,889,5.36 ps,2+,+1.0(3),46,22,Ti,$^{46}_{22}Ti$
22 Ti 47,0,stable,5/2-,-0.78848(1),47,22,Ti,$^{47}_{22}Ti$
22 Ti 48,984,4.29 ps,2+,+0.9(4),48,22,Ti,$^{48}_{22}Ti$
22 Ti 49,0,stable,7/2-,-1.10417(1),49,22,Ti,$^{49}_{22}Ti$
22 Ti  50,1554,0.97 ps,2+,2.7(8),50,22,Ti,$^{50}_{22}Ti$
23 V 46,802,1.02 ms,3+,+1.64(3),46,23,V,$^{46}_{23}V$
23 V 48,0,15.94 d,4+,2.012 (11),48,23,V,$^{48}_{23}V$
23 V 49,0,330 d,7/2-,4.47(5),49,23,V,$^{49}_{23}V$
23 V 50,0,1.5x1017 y,6+,+3.3456889(14),50,23,V,$^{50}_{23}V$
23 V 51,0,stable,7/2-,+5.1487057(2),51,23,V,$^{51}_{23}V$
24 Cr 49,0,41.9 m,5/2-,0.476(3),49,24,Cr,$^{49}_{24}Cr$
24 Cr 50,783,9.2 ps,2+,+1.2(2),50,24,Cr,$^{50}_{24}Cr$
24 Cr 51,0,27.7 d,7/2-,(-)0.934(5),51,24,Cr,$^{51}_{24}Cr$
24 Cr 52,1434,0.707 ps,2+,+3.0(5),52,24,Cr,$^{52}_{24}Cr$
24 Cr 53,0,stable,3/2-,-0.47454(3),53,24,Cr,$^{53}_{24}Cr$
24 Cr 54,835,8.0 ps,2+,+1.1(2),54,24,Cr,$^{54}_{24}Cr$
25 Mn 51,0,stable,5/2-,3.5683(13),51,25,Mn,$^{51}_{25}Mn$
25 Mn 52,0,5.80 d,6+,+3.0622(12),52,25,Mn,$^{52}_{25}Mn$
25 Mn 53,0,3.7x106 y,7/2-,5.024(7),53,25,Mn,$^{53}_{25}Mn$
25 Mn 54,0,312 d,3+,+3.2819(13),54,25,Mn,$^{54}_{25}Mn$
25 Mn 55,0,stable,5/2-,3.4532(13),55,25,Mn,$^{55}_{25}Mn$
25 Mn 56,0,2.58 h,3+,+3.2266(2),56,25,Mn,$^{56}_{25}Mn$
26 Fe 53,741,64 ns,3/2-,-0.386(15),53,26,Fe,$^{53}_{26}Fe$
26 Fe 54,1408,0.97 ps,2+,+3.4(8),54,26,Fe,$^{54}_{26}Fe$
26 Fe 55,931,8.3 ps,5/2-,+2.7(12),55,26,Fe,$^{55}_{26}Fe$
26 Fe 56,847,6.9 ps,2+,1.22(16),56,26,Fe,$^{56}_{26}Fe$
26 Fe 57,0,stable,1/2-,+0.09044(7),57,26,Fe,$^{57}_{26}Fe$
26 Fe 58,811,6.7 ps,2+,+0.9(3),58,26,Fe,$^{58}_{26}Fe$
26 Fe 59,0,44.6 d,3/2-,-0.3358(4),59,26,Fe,$^{59}_{26}Fe$
27 Co 55,0,17.5 h,7/2-,+4.822(3),55,27,Co,$^{55}_{27}Co$
27 Co 56,0,78.8 d,4+,3.85(1),56,27,Co,$^{56}_{27}Co$
27 Co 57,0,271 d,7/2-,+4.720(10),57,27,Co,$^{57}_{27}Co$
27 Co 58,0,70.8 d,2+,+4.044(8),58,27,Co,$^{58}_{27}Co$
27 Co 59,0,stable,7/2-,+4.627(9),59,27,Co,$^{59}_{27}Co$
27 Co 60,0,5.271 y,5+,+3.799(8),60,27,Co,$^{60}_{27}Co$
28 Ni 57,0,36 h,3/2-,-0.7975(14),57,28,Ni,$^{57}_{28}Ni$
28 Ni 58,1454,0.644 ps,2+,-0.1(3),58,28,Ni,$^{58}_{28}Ni$
28 Ni 59,339,83 ps,5/2-,+0.35(15),59,28,Ni,$^{59}_{28}Ni$
28 Ni 60,1332,0.713 ps,2+,+0.2(3),60,28,Ni,$^{60}_{28}Ni$
28 Ni 61,0,stable,3/2-,-0.75002(4),61,28,Ni,$^{61}_{28}Ni$
28 Ni 62,1173,1.43 ps,2+,+0.68(14),62,28,Ni,$^{62}_{28}Ni$
28 Ni 63,87,1.72 μs,5/2-,+0.752(3),63,28,Ni,$^{63}_{28}Ni$
28 Ni 64,1346,0.85 ps,2+,+0.9(3),64,28,Ni,$^{64}_{28}Ni$
28 Ni 65,0,2.520 h,5/2-,0.69(6),65,28,Ni,$^{65}_{28}Ni$
29 Cu 60,0,23.4 m,2+,+1.219(3),60,29,Cu,$^{60}_{29}Cu$
29 Cu 61,0,3.41 h,3/2-,+2.14(4),61,29,Cu,$^{61}_{29}Cu$
29 Cu 62,0,9.73 m,1+,-0.380(4),62,29,Cu,$^{62}_{29}Cu$
29 Cu 63,0,stable,3/2-,2.227206(3),63,29,Cu,$^{63}_{29}Cu$
29 Cu 64,0,12.7 h,1+,-0.217(2),64,29,Cu,$^{64}_{29}Cu$
29 Cu 65,0,stable,3/2-,+2.3817(3),65,29,Cu,$^{65}_{29}Cu$
29 Cu 66,0,5.1 m,1+,-0.282(2),66,29,Cu,$^{66}_{29}Cu$
30 Zn 63,0,38.1 m,3/2-,-0.28164(5),63,30,Zn,$^{63}_{30}Zn$
30 Zn 64,992,1.75 ps,2+,+0.8(2),64,30,Zn,$^{64}_{30}Zn$
30 Zn 65,0,244.1 d,5/2-,+0.7690(2),65,30,Zn,$^{65}_{30}Zn$
30 Zn 66,1039,1.56 ps,2+,+0.5(2),66,30,Zn,$^{66}_{30}Zn$
30 Zn 67,0,stable,5/2-,+0.875479(9),67,30,Zn,$^{67}_{30}Zn$
30 Zn 68,1077,0.9 ps,2+,+1.0(2),68,30,Zn,$^{68}_{30}Zn$
30 Zn 69,439,13.72 h,9/2+,1.157(2),69,30,Zn,$^{69}_{30}Zn$
30 Zn 70,885,3.2 ps,2+,+0.60(14),70,30,Zn,$^{70}_{30}Zn$
30 Zn 71,158,3.94 h,9/2+,1.052(6),71,30,Zn,$^{71}_{30}Zn$
31 Ga 66,66,23 ns,2+,1.01(2),66,31,Ga,$^{66}_{31}Ga$
31 Ga 67,0,78.3 h,3/2-,+1.8507(3),67,31,Ga,$^{67}_{31}Ga$
31 Ga 68,0,68.1 m,1+,0.01175(5),68,31,Ga,$^{68}_{31}Ga$
31 Ga 69,0,stable,3/2-,+2.01659(5),69,31,Ga,$^{69}_{31}Ga$
31 Ga 70,879,22.7 ns,4-,-0.26(10),70,31,Ga,$^{70}_{31}Ga$
31 Ga 71,0,stable,3/2-,+2.56227(2),71,31,Ga,$^{71}_{31}Ga$
31 Ga 72,0,14.1 h,3-,-0.13224(2),72,31,Ga,$^{72}_{31}Ga$
32 Ge 67,752,111 ns,9/2+,-0.849(12),67,32,Ge,$^{67}_{32}Ge$
32 Ge 68,3696,0.48 ps,6+,+2.4#,68,32,Ge,$^{68}_{32}Ge$
32 Ge 69,0,39.0 h,5/2-,0.735(7),69,32,Ge,$^{69}_{32}Ge$
32 Ge 70,1039,1.32 ps,2+,+0.94(5),70,32,Ge,$^{70}_{32}Ge$
32 Ge 71,0,11.2 d,1/2-,+0.547(5),71,32,Ge,$^{71}_{32}Ge$
32 Ge 72,834,3.29 ps,2+,+0.80(7),72,32,Ge,$^{72}_{32}Ge$
32 Ge 73,0,stable,9/2+,-0.8794677(2),73,32,Ge,$^{73}_{32}Ge$
32 Ge 74,596,12.5 ps,2+,+0.87(4),74,32,Ge,$^{74}_{32}Ge$
32 Ge 75,0,82.8 m,1/2-,+0.510(5),75,32,Ge,$^{75}_{32}Ge$
32 Ge 76,563,18.6 ps,2+,+0.84(5),76,32,Ge,$^{76}_{32}Ge$
33 As 68,2159,37 ns,"(7,8)-",|g|=0.23(2),68,33,As,$^{68}_{33}As$
33 As 69,0,15.2 m,5/2-,+1.58(16),69,33,As,$^{69}_{33}As$
33 As 70,0,53 m,4+,+2.1061(2),70,33,As,$^{70}_{33}As$
33 As 71,0,65.3 h,5/2-,(+)1.674(2),71,33,As,$^{71}_{33}As$
33 As 72,0,26 h,2-,-2.1566(3),72,33,As,$^{72}_{33}As$
33 As 73,66,5.0 ns,5/2-,+1.63(10),73,33,As,$^{73}_{33}As$
33 As 74,0,17.8 d,2-,-1.597(3),74,33,As,$^{74}_{33}As$
33 As 75,0,stable,3/2-,+1.43948(7),75,33,As,$^{75}_{33}As$
33 As 76,0,26.3 h,2-,-0.906(5),76,33,As,$^{76}_{33}As$
33 As 77,264,304 ps,5/2-,+0.74(2),77,33,As,$^{77}_{33}As$
34 Se 73,0,7.1 h,9/2+,0.87(5),73,34,Se,$^{73}_{34}Se$
34 Se 74,635,7.08 ps,2+,,74,34,Se,$^{74}_{34}Se$
34 Se 75,0,118.5 d,5/2+,0.67(4),75,34,Se,$^{75}_{34}Se$
34 Se 76,559,11.1 ps,2+,+0.8(2),76,34,Se,$^{76}_{34}Se$
34 Se 77,0,stable,1/2-,+0.5350422(6),77,34,Se,$^{77}_{34}Se$
34 Se 78,614,8.6 ps,2+,+0.8(2),78,34,Se,$^{78}_{34}Se$
34 Se 79,0,<6.5x104 y,7/2+,-1.018(15),79,34,Se,$^{79}_{34}Se$
34 Se 80,666,8.0 ps,2+,+0.8(3),80,34,Se,$^{80}_{34}Se$
34 Se 82,654,11.3 ps,2+,+0.9(3),82,34,Se,$^{82}_{34}Se$
35 Br 72,0,79 s,(3+),0.60(10),72,35,Br,$^{72}_{35}Br$
35 Br 73,241,34.7 ns,3/2-,1.97(13),73,35,Br,$^{73}_{35}Br$
35 Br 74,14,46 m,4(+),1.68(18),74,35,Br,$^{74}_{35}Br$
35 Br 75,0,97 m,3/2-,0.76(18),75,35,Br,$^{75}_{35}Br$
35 Br 76,0,16.1 h,1-,0.54821(2),76,35,Br,$^{76}_{35}Br$
35 Br 77,0,57 h,3/2-,0.92(5),77,35,Br,$^{77}_{35}Br$
35 Br 78,0,6.46 m,1+,0.13(3),78,35,Br,$^{78}_{35}Br$
35 Br 79,0,stable,3/2-,+2.106400(4),79,35,Br,$^{79}_{35}Br$
35 Br 80,0,17.6 m,1+,0.5140(6),80,35,Br,$^{80}_{35}Br$
35 Br 81,0,stable,3/2-,+2.270562(4),81,35,Br,$^{81}_{35}Br$
35 Br 82,0,35.3 h,5-,+1.6270(5),82,35,Br,$^{82}_{35}Br$
35 Br 84,0,31.8 m,2-,1.9(7),84,35,Br,$^{84}_{35}Br$
36 Kr 75,0,4.3 m,5/2+,-0.531(4) d,75,36,Kr,$^{75}_{36}Kr$
36 Kr 77,0,74.4 m,5/2+,-0.583(3) d,77,36,Kr,$^{77}_{36}Kr$
36 Kr 78,455,22 ps,2+,+1.08(10),78,36,Kr,$^{78}_{36}Kr$
36 Kr 79,0,35.04 h,1/2-,+0.536(2) d,79,36,Kr,$^{79}_{36}Kr$
36 Kr 81,0,2.3 x 10*5 y,7/2+,-0.908(2) d,81,36,Kr,$^{81}_{36}Kr$
36 Kr 83,0,stable,9/2+,-0.970669(3),83,36,Kr,$^{83}_{36}Kr$
36 Kr 84,3236,1.84 μs,8+,-1.97(2),84,36,Kr,$^{84}_{36}Kr$
36 Kr 85,0,10.76 y,9/2+,-1.005(2) d,85,36,Kr,$^{85}_{36}Kr$
36 Kr 87,0,76.3 m,5/2+,-1.018(5),87,36,Kr,$^{87}_{36}Kr$
36 Kr 89,0,3.15 m,3/2+,-0.330(3) d,89,36,Kr,$^{89}_{36}Kr$
36 Kr 91,0,8.57 s,5/2+,-0.583(2) d,91,36,Kr,$^{91}_{36}Kr$
36 Kr 93,0,1.286 s,1/2+,-0.413(2) d,93,36,Kr,$^{93}_{36}Kr$
36 Kr 95,0,0.78 s,1/2+,-0.410(3) d,95,36,Kr,$^{95}_{36}Kr$
37 Rb 76,0,39 s,1(-),-0.3726228(14),76,37,Rb,$^{76}_{37}Rb$
37 Rb 77,0,3.8 m,3/2-,+0.6544680(16),77,37,Rb,$^{77}_{37}Rb$
37 Rb 78,103,6.3 m,4-,+2.549(2),78,37,Rb,$^{78}_{37}Rb$
37 Rb 79,0,23 m,5/2+,+3.3579(12),79,37,Rb,$^{79}_{37}Rb$
37 Rb 79,97,18.6 ns,9/2+,+5.03(7),79,37,Rb,$^{79}_{37}Rb$
37 Rb 80,0,30 s,1+,-0.0836(6),80,37,Rb,$^{80}_{37}Rb$
37 Rb 81,0,4.58 h,3/2-,+2.0595(14),81,37,Rb,$^{81}_{37}Rb$
37 Rb 82,0,1.25 m,1+,+0.5545083(11),82,37,Rb,$^{82}_{37}Rb$
37 Rb 83,0,86.2 d,5/2-,+1.4249(8),83,37,Rb,$^{83}_{37}Rb$
37 Rb 84,0,33 d,2-,-1.324116(2),84,37,Rb,$^{84}_{37}Rb$
37 Rb 85,0,stable,5/2-,+1.35298(10),85,37,Rb,$^{85}_{37}Rb$
37 Rb 86,0,18.65 d,2-,-1.6920(14),86,37,Rb,$^{86}_{37}Rb$
37 Rb 87,0,4.9 10*10y,3/2-,+2.75131(12),87,37,Rb,$^{87}_{37}Rb$
37 Rb 88,0,17.7 m,2-,0.508(5),88,37,Rb,$^{88}_{37}Rb$
37 Rb 89,0,15.2 m,3/2-,+2.3836(7),89,37,Rb,$^{89}_{37}Rb$
37 Rb 90,107,4.26 m,3-,+1.6160(6),90,37,Rb,$^{90}_{37}Rb$
37 Rb 91,0,58 s,3/2(-),+2.1815(15),91,37,Rb,$^{91}_{37}Rb$
37 Rb 93,0,5.85 s,5/2-,+1.410(2),93,37,Rb,$^{93}_{37}Rb$
37 Rb 94,0,2.73 s,3(-),+1.498(2),94,37,Rb,$^{94}_{37}Rb$
37 Rb 95,0,0.38 s,5/2-,+1.334(3),95,37,Rb,$^{95}_{37}Rb$
37 Rb 96,0,0.20 s,2+,+1.466(2),96,37,Rb,$^{96}_{37}Rb$
37 Rb 97,0,0.17 s,3/2-,+1.841(2),97,37,Rb,$^{97}_{37}Rb$
38 Sr 77,0,9 s,5/2+,-0.348(4),77,38,Sr,$^{77}_{38}Sr$
38 Sr 79,0,2.25 m,(3/2-),-0.474(4),79,38,Sr,$^{79}_{38}Sr$
38 Sr 81,0,22.3 m,1/2-,+0.543(4),81,38,Sr,$^{81}_{38}Sr$
38 Sr 82,2817,3.0 ps,5-,+2(2),82,38,Sr,$^{82}_{38}Sr$
38 Sr 83,0,32.4 h,7/2+,-0.829(2),83,38,Sr,$^{83}_{38}Sr$
38 Sr 84,793,3.2 ps,2+,+0.84(9),84,38,Sr,$^{84}_{38}Sr$
38 Sr 85,0,64.8 d,9/2+,-1.000(2),85,38,Sr,$^{85}_{38}Sr$
38 Sr 86,1077,1.46 ps,2+,+0.55(10),86,38,Sr,$^{86}_{38}Sr$
38 Sr 87,0,stable,9/2+,-1.0928(7),87,38,Sr,$^{87}_{38}Sr$
38 Sr 88,1836,0.152 ps,2+,+2.3(3),88,38,Sr,$^{88}_{38}Sr$
38 Sr 89,0,50.5 d,5/2+,-1.147(2),89,38,Sr,$^{89}_{38}Sr$
38 Sr 91,0,9.5 h,5/2+,-0.885(2),91,38,Sr,$^{91}_{38}Sr$
38 Sr 93,0,7.4 m,5/2+,-0.793(2),93,38,Sr,$^{93}_{38}Sr$
38 Sr 95,0,10.3 m,1/2-,-0.537(2),95,38,Sr,$^{95}_{38}Sr$
38 Sr 97,0,0.40 s,1/2-,-0.498(2),97,38,Sr,$^{97}_{38}Sr$
38 Sr 98,144,2.8 ns,2+,0.76(14),98,38,Sr,$^{98}_{38}Sr$
38 Sr 99,0,0.269 s,3/2+,-0.261(5),99,38,Sr,$^{99}_{38}Sr$
39 Y 83,145,171 ps,7/2+,+2.1(6),83,39,Y,$^{83}_{39}Y$
39 Y 85,20,4.9 h,9/2+,6.2(5),85,39,Y,$^{85}_{39}Y$
39 Y 86,0,14.5 h,4-,<0.6,86,39,Y,$^{86}_{39}Y$
39 Y 87,381,12.7 h,9/2+,6.06(7),87,39,Y,$^{87}_{39}Y$
39 Y 88,675,14 ms,8+,+4.87(5),88,39,Y,$^{88}_{39}Y$
39 Y 89,0,stable,1/2-,-0.1374154(3),89,39,Y,$^{89}_{39}Y$
39 Y 90,0,64.1 h,2-,-1.630(8),90,39,Y,$^{90}_{39}Y$
39 Y 91,0,58.5 d,1/2-,0.1641(8),91,39,Y,$^{91}_{39}Y$
40 Zr 86,_,_,5-/7-/9-,avge g = +0.5(2),86,40,Zr,$^{86}_{40}Zr$
40 Zr 88,2889,1.32 μs,8+,-1.81(2),88,40,Zr,$^{88}_{40}Zr$
40 Zr 89,0,78.4 h,9/2+,-1.08(2),89,40,Zr,$^{89}_{40}Zr$
40 Zr 90,2319,0.8 s,5-,6.25(13),90,40,Zr,$^{90}_{40}Zr$
40 Zr 91,0,stable,5/2+,-1.30362(2),91,40,Zr,$^{91}_{40}Zr$
40 Zr 92,934,4.85 ps,2+,-0.06(10),92,40,Zr,$^{92}_{40}Zr$
40 Zr 94,918,7.3 ps,2+,-0.52(12),94,40,Zr,$^{94}_{40}Zr$
40 Zr 95,0,64.0 d,5/2+,1.13(2),95,40,Zr,$^{95}_{40}Zr$
40 Zr 97,1264,102 ns,7/2+,+1.37(14),97,40,Zr,$^{97}_{40}Zr$
40 Zr 99,122,1.07 ns,3/2+,+0.42(6),99,40,Zr,$^{99}_{40}Zr$
40 Zr 100,213,0.61 ns,2+,0.52(12),100,40,Zr,$^{100}_{40}Zr$
41Nb 87,2412,58 ps,17/2-,+7.0(9),87,87,Nb,$^{87}_{87}Nb$
41 Nb 89,0,2.0 h,9/2+,6.216(5),89,41,Nb,$^{89}_{41}Nb$
41 Nb 90,0,14.6 h,8+,4.961(4),90,41,Nb,$^{90}_{41}Nb$
41 Nb 91,1985,10 ns,13/2-,+9.14(13),91,41,Nb,$^{91}_{41}Nb$
41 Nb 92,135,10.15 d,2+,(+)6.137(4),92,41,Nb,$^{92}_{41}Nb$
41 Nb 93,0,stable,9/2+,+6.1705(3),93,41,Nb,$^{93}_{41}Nb$
41 Nb 95,0,35.2 d,9/2+,6.141(5),95,41,Nb,$^{95}_{41}Nb$
41 Nb 96,0,23.4 h,6+,4.976(4),96,41,Nb,$^{96}_{41}Nb$
41 Nb 97,0,72.1 m,9/2+,6.153(5),97,41,Nb,$^{97}_{41}Nb$
42 Mo 88,_,_,"6+,8+",avge g = +0.5(3),88,42,Mo,$^{88}_{42}Mo$
42 Mo 89,2584,9.5 ns,21/2+,+8.3(4),89,42,Mo,$^{89}_{42}Mo$
42 Mo 90,2594,16 ps,5-,+5.5(14),90,42,Mo,$^{90}_{42}Mo$
42 Mo 91,2267,47 ns,21/2+,+8.81(8),91,42,Mo,$^{91}_{42}Mo$
42 Mo 92,2760,190 ns,8+,+11.30(5),92,42,Mo,$^{92}_{42}Mo$
42 Mo 93,2425,6.85 h,21/2+,(+)9.93(8),93,42,Mo,$^{93}_{42}Mo$
42 Mo 94,871,2.9 ps,2+,,94,42,Mo,$^{94}_{42}Mo$
42 Mo 95,0,stable,5/2+,-0.9142(1),95,42,Mo,$^{95}_{42}Mo$
42 Mo 96,778,3.7 ps,2+,,96,42,Mo,$^{96}_{42}Mo$
42 Mo 97,0,stable,5/2+,-0.9335(1),97,42,Mo,$^{97}_{42}Mo$
42 Mo 98,787,3.5 ps,2+,+0.7(4),98,42,Mo,$^{98}_{42}Mo$
42 Mo 99,0,65.9 h,1/2+,0.375(3),99,42,Mo,$^{99}_{42}Mo$
42 Mo 100,536,10.3 ps,2+,+0.7(4),100,42,Mo,$^{100}_{42}Mo$
42 Mo 102,297,0.11 ns,2+,0.84(14),102,42,Mo,$^{102}_{42}Mo$
42 Mo 104,192,0.9 ns,2+,0.4(2),104,42,Mo,$^{104}_{42}Mo$
42 Mo 107,66,245 ns,_,g = -0.92(3),107,42,Mo,$^{107}_{42}Mo$
43 Tc 92,2002,3.2 ns,11-,+8.9(3),92,43,Tc,$^{92}_{43}Tc$
43 Tc 93,0,2.75 h,9/2+,6.32(6),93,43,Tc,$^{93}_{43}Tc$
43 Tc 94,0,293 m,7+,5.12(5),94,43,Tc,$^{94}_{43}Tc$
43 Tc 95,0,20.0 h,9/2+,5.94(6),95,43,Tc,$^{95}_{43}Tc$
43 Tc 96,0,4.28 d,7+,5.09(5),96,43,Tc,$^{96}_{43}Tc$
43 Tc 99,0,2.1x10*5y,9/2+,+5.6847(4),99,43,Tc,$^{99}_{43}Tc$
43 Tc 108,>153,100 ns,,g = +0.50(4),108,43,Tc,$^{108}_{43}Tc$
44 Ru 93,2082,2.4 μs,21/2+,+8.97(2),93,44,Ru,$^{93}_{44}Ru$
44 Ru 94,2498,65 ns,6+,+8.12(5),94,44,Ru,$^{94}_{44}Ru$
44 Ru 95,0,1.64 h,5/2+,0.861(7),95,44,Ru,$^{95}_{44}Ru$
44 Ru 96,833,2.7 ps,2+,,96,44,Ru,$^{96}_{44}Ru$
44 Ru 97,0,2.88 d,5/2+,(-)0.787(8),97,44,Ru,$^{97}_{44}Ru$
44 Ru 98,653,5.9 ps,2+,+0.8(6),98,44,Ru,$^{98}_{44}Ru$
44 Ru 99,0,stable,5/2+,-0.641(5),99,44,Ru,$^{99}_{44}Ru$
44 Ru 100,540,12 ps,2+,+1.02(13),100,44,Ru,$^{100}_{44}Ru$
44 Ru 101,0,stable,5/2+,-0.719(6),101,44,Ru,$^{101}_{44}Ru$
44 Ru 102,475,18 ps,2+,+0.74(6),102,44,Ru,$^{102}_{44}Ru$
44 Ru 103,0,39.4 d,3/2+,0.206(3),103,44,Ru,$^{103}_{44}Ru$
44 Ru 104,358,58 ps,2+,+0.82(10),104,44,Ru,$^{104}_{44}Ru$
44 Ru 105,0,4.44h,3/2+,(-)0.32(+8/-20),105,44,Ru,$^{105}_{44}Ru$
44 Ru 109,>95,780 ns,,g = -0.22(1),109,44,Ru,$^{109}_{44}Ru$
45 Rh 95,2236,19 ns,17/2-,+10.9(3),95,45,Rh,$^{95}_{45}Rh$
45 Rh 99,65,4.7 h,9/2+,5.62(6),99,45,Rh,$^{99}_{45}Rh$
45 Rh 100,75,215 ns,2+,+4.324(8),100,45,Rh,$^{100}_{45}Rh$
45 Rh 101,157,4.34 d,9/2+,5.43(6),101,45,Rh,$^{101}_{45}Rh$
45 Rh 102,0,206 d,2-,0.5(4),102,45,Rh,$^{102}_{45}Rh$
45 Rh 103,0,stable,1/2-,-0.8840(2),103,45,Rh,$^{103}_{45}Rh$
45 Rh 104,215.5 + x,47 ns,6-,+2.00(6),104,45,Rh,$^{104}_{45}Rh$
45 Rh 105,0,35.4 h,7/2+,4.41(5),105,45,Rh,$^{105}_{45}Rh$
45 Rh 106,0,29.8 s,1+,2.575(7),106,45,Rh,$^{106}_{45}Rh$
46 Pd 96,2532,2.22 μs,8+,+10.97(6),96,46,Pd,$^{96}_{46}Pd$
46 Pd 101,0,8.5 h,5/2+,(-)0.66(2),101,46,Pd,$^{101}_{46}Pd$
46 Pd 102,556,11.3 ps,2+,+0.82(8),102,46,Pd,$^{102}_{46}Pd$
46 Pd 103,785,25 ns,11/2-,-1.05(6),103,46,Pd,$^{103}_{46}Pd$
46 Pd 104,556,9.7 ps,2+,+0.92(8),104,46,Pd,$^{104}_{46}Pd$
46 Pd 105,0,stable,5/2+,-0.642(3),105,46,Pd,$^{105}_{46}Pd$
46 Pd 108,434,23 ps,2+,+0.72(6),108,46,Pd,$^{108}_{46}Pd$
46 Pd 110,374,46 ps,2+,+0.62(6),110,46,Pd,$^{110}_{46}Pd$
47 Ag 101,0,11.4 m,9/2+,5.7(4),101,47,Ag,$^{101}_{47}Ag$
47 Ag 102,0,13 m,5+,4.6(7),102,47,Ag,$^{102}_{47}Ag$
47 Ag 103,0,1.10 h,7/2+,+4.47(5),103,47,Ag,$^{103}_{47}Ag$
47 Ag 104,0,69 m,5+,3.917(8),104,47,Ag,$^{104}_{47}Ag$
47 Ag 105,0,41.3 d,1/2-,0.1014(10),105,47,Ag,$^{105}_{47}Ag$
47 Ag 106,0,24 m,1+,+2.9(2),106,47,Ag,$^{106}_{47}Ag$
47 Ag 107,0,stable,1/2-,-0.11357(2),107,47,Ag,$^{107}_{47}Ag$
47 Ag 108,0,2.4 m,1+,2.6884(7),108,47,Ag,$^{108}_{47}Ag$
47 Ag 109,0,stable,1/2-,0.13056(2),109,47,Ag,$^{109}_{47}Ag$
47 Ag 110,0,24.4 s,1+,2.7271(8),110,47,Ag,$^{110}_{47}Ag$
47 Ag 111,0,7.45 d,1/2-,-0.146(2),111,47,Ag,$^{111}_{47}Ag$
47 Ag 112,0,3.14 h,2(-),0.0547(5),112,47,Ag,$^{112}_{47}Ag$
47 Ag 113,0,5.37 h,1/2-,0.159(2),113,47,Ag,$^{113}_{47}Ag$
48 Cd 100,2548,73 ns,8+,9.9(5),100,48,Cd,$^{100}_{48}Cd$
48 Cd 102,2718,56 ns,8+,10.3(2),102,48,Cd,$^{102}_{48}Cd$
48 Cd 103,0,7.3 m,5/2+,-0.81(3),103,48,Cd,$^{103}_{48}Cd$
48 Cd 105,0,56 m,5/2+,-0.7393(2),105,48,Cd,$^{105}_{48}Cd$
48 Cd 106,633,7.3 ps,2+,+0.8(2),106,48,Cd,$^{106}_{48}Cd$
48 Cd 107,0,6.50 h,5/2+,-0.6150554(11),107,48,Cd,$^{107}_{48}Cd$
48 Cd 108,633,6.8 ps,2+,+0.7(2),108,48,Cd,$^{108}_{48}Cd$
48 Cd 109,0,453 d,5/2+,-0.8278461(15),109,48,Cd,$^{109}_{48}Cd$
48 Cd 110,658,5.0 ps,2+,+0.57(11),110,48,Cd,$^{110}_{48}Cd$
48 Cd 111,0,stable,1/2+,-0.5948861(8),111,48,Cd,$^{111}_{48}Cd$
48 Cd 112,617,6.2 ps,2+,+0.6(2),112,48,Cd,$^{112}_{48}Cd$
48 Cd 113,0,9x10*15 y,1/2+,-0.6223009(9),113,48,Cd,$^{113}_{48}Cd$
48 Cd 114,558,9.0 ps,2+,+0.58(14),114,48,Cd,$^{114}_{48}Cd$
48 Cd 115,0,53.4 h,1/2+,-0.6484259(12),115,48,Cd,$^{115}_{48}Cd$
48 Cd 116,514,15 ps,2+,+0.60(14),116,48,Cd,$^{116}_{48}Cd$
49 In 104,0,1.7 m,5+,+4.44(2),104,49,In,$^{104}_{49}In$
49 In 105,0,5.07 m,9/2+,+5.675(5),105,49,In,$^{105}_{49}In$
49 In 106,0,6.2 m,7+,+4.916(7),106,49,In,$^{106}_{49}In$
49 In 107,0,32.4 min,9/2+,+5.585(8),107,49,In,$^{107}_{49}In$
49 In 108,0,58 m,7+,+4.561(3),108,49,In,$^{108}_{49}In$
49 In 109,0,4.2 h,9/2+,+5.538(4),109,49,In,$^{109}_{49}In$
49 In 110,0*,69.1 m,2+,+4.365(4),110,49,In,$^{110}_{49}In$
49 In 111,0,2.83 d,9/2+,+5.503(7),111,49,In,$^{111}_{49}In$
49 In 112,0*,14.4 m,1+,+2.82(3),112,49,In,$^{112}_{49}In$
49 In 113,0,stable,9/2+,+5.5289(2),113,49,In,$^{113}_{49}In$
49 In 114,0,71.9 s,1+,2.817(11),114,49,In,$^{114}_{49}In$
49 In 115,0,4.4x10*14 y,9/2+,+5.5408 (2),115,49,In,$^{115}_{49}In$
49 In 116,0,14.1 s,1+,2.7876(6),116,49,In,$^{116}_{49}In$
49 In 117,0,42 m,9/2+,+5.519(4),117,49,In,$^{117}_{49}In$
49 In 118,~60,4.45 m,5+,+4.231(9),118,49,In,$^{118}_{49}In$
49 In 119,0,2.4 m,9/2+,+5.515(10),119,49,In,$^{119}_{49}In$
49 In 120,(0),44.4 s,5+,+4.295(5),120,49,In,$^{120}_{49}In$
49 In 121,0,23.1 s,9/2+,+5.502(5),121,49,In,$^{121}_{49}In$
49 In 122,0+x,9.2 s,5+,+4.318(5),122,49,In,$^{122}_{49}In$
49 In 123,0,6.68 s,9/2+,+5.491(7),123,49,In,$^{123}_{49}In$
49 In 124,0,3.09 s,3+,+4.043(11),124,49,In,$^{124}_{49}In$
49 In 125,0,2.50 s,9/2+,+5.502(9),125,49,In,$^{125}_{49}In$
49 In 126,(0),1.60 s,3+,+4.034(11),126,49,In,$^{126}_{49}In$
49 In 127,0,1.22 s,9/2+,+5.522(8),127,49,In,$^{127}_{49}In$
50 Sn 108,2365,7.3 ns,6+,-0.24(12),108,50,Sn,$^{108}_{50}Sn$
50 Sn 109,0,18.0 m,5/2+,-1.079(6),109,50,Sn,$^{109}_{50}Sn$
50 Sn 110,2480,5.6 ns,6+,+0.07(3),110,50,Sn,$^{110}_{50}Sn$
50 Sn 111,0,35 m,7/2+,+0.608(4),111,50,Sn,$^{111}_{50}Sn$
50 Sn 112,1257,0.35 ps,2+,+0.7(3),112,50,Sn,$^{112}_{50}Sn$
50 Sn 113,0,115 d,1/2+,-0.8791(6),113,50,Sn,$^{113}_{50}Sn$
50 Sn 114,1300,0.28 ps,2+,>0,114,50,Sn,$^{114}_{50}Sn$
50 Sn 115,0,stable,1/2+,-0.91883(7),115,50,Sn,$^{115}_{50}Sn$
50 Sn 116,1294,0.36 ps,2+,-0.3(2),116,50,Sn,$^{116}_{50}Sn$
50 Sn 117,0,stable,1/2+,-1.00104(7),117,50,Sn,$^{117}_{50}Sn$
50 Sn 118,1230,0.46 ps,2+,+0.04(20),118,50,Sn,$^{118}_{50}Sn$
50 Sn 119,0,stable,1/2+,-1.04728(7),119,50,Sn,$^{119}_{50}Sn$
50 Sn 120,1171,0.64 ps,2+,,120,50,Sn,$^{120}_{50}Sn$
50 Sn 121,0,27.1 h,3/2+,+0.6978(10),121,50,Sn,$^{121}_{50}Sn$
50 Sn 122,1140,0.76 ps,2+,-0.1(2),122,50,Sn,$^{122}_{50}Sn$
50 Sn 123,0,129 d,11/2-,-1.3700(9),123,50,Sn,$^{123}_{50}Sn$
50 Sn 124,1132,0.97 ps,2+,-0.3(2),124,50,Sn,$^{124}_{50}Sn$
50 Sn 125,0,9.62 d,11/2-,-1.348(2),125,50,Sn,$^{125}_{50}Sn$
51 Sb 112,796,536 ns,8-,+2.192(8),112,51,Sb,$^{112}_{51}Sb$
51 Sb 114,0,3.49 m,3+,1.72(8),114,51,Sb,$^{114}_{51}Sb$
51 Sb 115,0,31.8 m,5/2+,+3.46(1),115,51,Sb,$^{115}_{51}Sb$
51 Sb 116,0,16 m,3+,2.715(9),116,51,Sb,$^{116}_{51}Sb$
51 Sb 117,0,2.80 h,5/2+,+3.43(6),117,51,Sb,$^{117}_{51}Sb$
51 Sb 118,0,3.6 m,1+,2.47(7),118,51,Sb,$^{118}_{51}Sb$
51 Sb 119,0,38.0 h,5/2+,+3.45(1),119,51,Sb,$^{119}_{51}Sb$
51 Sb 120,*0*,15.9 m,1+,2.3(2),120,51,Sb,$^{120}_{51}Sb$
51 Sb 121,0,stable,5/2+,+3.3634(3),121,51,Sb,$^{121}_{51}Sb$
51 Sb 122,0,2.68 d,2-,_1.90(2),122,51,Sb,$^{122}_{51}Sb$
51 Sb 123,0,stable,7/2+,+2.5498(2),123,51,Sb,$^{123}_{51}Sb$
51 Sb 124,0,60.2 d,3-,1.20(2),124,51,Sb,$^{124}_{51}Sb$
51 Sb 125,0,2.7 y,7/2+,+2.63(4),125,51,Sb,$^{125}_{51}Sb$
51 Sb 126,0,12.4 d,(8)-,1.28(7),126,51,Sb,$^{126}_{51}Sb$
51 Sb 127,0,3.84 d,7/2+,2.697(6),127,51,Sb,$^{127}_{51}Sb$
51 Sb 128,0,9.1 h,8-,1.3(2),128,51,Sb,$^{128}_{51}Sb$
51 Sb 129,0,4.4 h,7/2+,2.79(2),129,51,Sb,$^{129}_{51}Sb$
51 Sb 131,0,23 m,7/2+,2.89(1),131,51,Sb,$^{131}_{51}Sb$
51 Sb 133,0,2.5 m,7/2+,3.00(1),133,51,Sb,$^{133}_{51}Sb$
52 Te 115,280,7.5 μs,11/2-,-0.954(5),115,52,Te,$^{115}_{52}Te$
52 Te 117,274,19.1 ns,5/2+,-0.787(12),117,52,Te,$^{117}_{52}Te$
52 Te 119,0,16.1 h,1/2+,0.25(5),119,52,Te,$^{119}_{52}Te$
52 Te 120,560,9.3 ps,2+,+0.78(14),120,52,Te,$^{120}_{52}Te$
52 Te 121,294,154 d,11/2-,0.895(10),121,52,Te,$^{121}_{52}Te$
52 Te 122,564,7.52 ps,2+,+0.66(4),122,52,Te,$^{122}_{52}Te$
52 Te 123,0,>1x10*15 y,1/2+,-0.7369478(8),123,52,Te,$^{123}_{52}Te$
52 Te 124,603,6.25 ps,2+,+0.56(6),124,52,Te,$^{124}_{52}Te$
52 Te 125,0,stable,1/2+,-0.8885051(4),125,52,Te,$^{125}_{52}Te$
52 Te 126,666,4.41 ps,2+,+0.62(8),126,52,Te,$^{126}_{52}Te$
52 Te 127,0,9.4 h,3/2+,0.635(4),127,52,Te,$^{127}_{52}Te$
52 Te 128,743,3.2 ps,2+,+0.50(6),128,52,Te,$^{128}_{52}Te$
52 Te 129,0,69.5 m,3/2+,0.702(4),129,52,Te,$^{129}_{52}Te$
52 Te 130,840,2.3 ps,2+,+0.58(10),130,52,Te,$^{130}_{52}Te$
52 Te 131,0,25 m,3/2+,0.696(9),131,52,Te,$^{131}_{52}Te$
52 Te 132,1775,145 ns,6+,+4.7(5),132,52,Te,$^{132}_{52}Te$
52 Te 134,1691,163 ns,6+,+5.08(15),134,52,Te,$^{134}_{52}Te$
52 Te 135,1555,510 ns,19/2-,-3.8(4),135,52,Te,$^{135}_{52}Te$
53 I 117,0,2.22 m,(5/2)+,3.1(2),117,53,I,$^{117}_{53}I$
53 I 118,0,13.7 m,2-,2.0(2),118,53,I,$^{118}_{53}I$
53 I 119,0,19 m,5/2+,(+)2.9(1),119,53,I,$^{119}_{53}I$
53 I 120,0,1.4 h,2-,1.23(3),120,53,I,$^{120}_{53}I$
53 I 121,0,2.1 h,5/2-,2.3(1),121,53,I,$^{121}_{53}I$
53 I 122,0,3.63 m,1+,0.94(3),122,53,I,$^{122}_{53}I$
53 I 123,0,13.3 h,5/2+,2.818(7),123,53,I,$^{123}_{53}I$
53 I 124,0,4.18 d,2-,1.446(4),124,53,I,$^{124}_{53}I$
53 I 125,0,60.2 d,5/2+,2.821(5),125,53,I,$^{125}_{53}I$
53  I  126,0,13.1 d,2-,1.438(4),126,53,I,$^{126}_{53}I$
53 I 127,0,stable,5/2+,+2.81327(8),127,53,I,$^{127}_{53}I$
53 I 128,138,845 ns,4-,-0.72(3),128,53,I,$^{128}_{53}I$
53 I 129,0,1.6x10*7 y,7/2+,+2.6210(3),129,53,I,$^{129}_{53}I$
53 I 130,0,12.36 h,5+,3.349(7),130,53,I,$^{130}_{53}I$
53 I 131,0,8.04 d,7/2+,+2.742(1),131,53,I,$^{131}_{53}I$
53 I 132,0,2.28 h,4+,3.088(7),132,53,I,$^{132}_{53}I$
53 I 133,0,20.9 h,7/2+,+2.856(5),133,53,I,$^{133}_{53}I$
54 Xe 117,0,1.02 m,5/2+,-0.5938(15) d,117,54,Xe,$^{117}_{54}Xe$
54 Xe 119,0,58 m,5/2+,-0.6542(15) d,119,54,Xe,$^{119}_{54}Xe$
54 Xe 121,0,39 m,5/2+,-0.701(3) d,121,54,Xe,$^{121}_{54}Xe$
54 Xe 123,0,2.00 h,1/2+,-0.150(3) d,123,54,Xe,$^{123}_{54}Xe$
54 Xe 124,354,56 ps,2+,+0.46(4),124,54,Xe,$^{124}_{54}Xe$
54 Xe 125,0,17.1 h,1/2+,-0.269(3) d,125,54,Xe,$^{125}_{54}Xe$
54 Xe 126,389,41.2 ps,2+,+0.74(14),126,54,Xe,$^{126}_{54}Xe$
54 Xe 127,0,36.4 d,1/2+,-0.5033(11) d,127,54,Xe,$^{127}_{54}Xe$
54 Xe 128,443,21.4 ps,2+,+0.82(14),128,54,Xe,$^{128}_{54}Xe$
54 Xe 129,0,stable,1/2+,-0.777976(8),129,54,Xe,$^{129}_{54}Xe$
54 Xe 130,538,10.0 ps,2+,+0.76(14),130,54,Xe,$^{130}_{54}Xe$
54 Xe 131,0,stable,3/2+,+0.6915(2) d,131,54,Xe,$^{131}_{54}Xe$
54 Xe 132,668,4.9 ps,2+,+0.74(10),132,54,Xe,$^{132}_{54}Xe$
54 Xe 133,0,5.24 d,3/2+,+0.8129(5) d,133,54,Xe,$^{133}_{54}Xe$
54 Xe 134,847,1.9 ps,2+,1.1(2),134,54,Xe,$^{134}_{54}Xe$
54 Xe 135,0,9.10 h,3/2+,+0.9032(7) d,135,54,Xe,$^{135}_{54}Xe$
54 Xe 136,1313,0.21 ps,2+,2.4(5),136,54,Xe,$^{136}_{54}Xe$
54 Xe 137,0,3.82 m,7/2-,-0.968(8),137,54,Xe,$^{137}_{54}Xe$
54 Xe 139,0,39.7 s,3/2-,-0.304(10),139,54,Xe,$^{139}_{54}Xe$
54 Xe 141,0,1.73 s,5/2+,+0.010(4),141,54,Xe,$^{141}_{54}Xe$
54 Xe 143,0,0.30 s,5/2-,-0.4599(14),143,54,Xe,$^{143}_{54}Xe$
55 Cs 118,(0),14 s,2,+3.876(5),118,55,Cs,$^{118}_{55}Cs$
55 Cs 119,(0),36 s,9/2+,+5.46(3),119,55,Cs,$^{119}_{55}Cs$
55 Cs 120,0,64 s,2+,+3.87(2),120,55,Cs,$^{120}_{55}Cs$
55 Cs 121,0,2.27 m,3/2+,+0.770(4),121,55,Cs,$^{121}_{55}Cs$
55 Cs 122,(0),21 s,1+,-0.1333(9),122,55,Cs,$^{122}_{55}Cs$
55 Cs 123,0,5.8 m,1/2+,+1.377(7),123,55,Cs,$^{123}_{55}Cs$
55 Cs 124,0,30.8 s,1+,+0.673(3),124,55,Cs,$^{124}_{55}Cs$
55 Cs 125,0,45 m,1/2+,+1.409(7),125,55,Cs,$^{125}_{55}Cs$
55 Cs 126,0,1.64 m,1+,+0.777(4),126,55,Cs,$^{126}_{55}Cs$
55 Cs 127,0,6.2 h,1/2+,+1.459(7),127,55,Cs,$^{127}_{55}Cs$
55 Cs 128,0,3.62 m,1+,+0.974(5),128,55,Cs,$^{128}_{55}Cs$
55 Cs 129,0,32.3 h,1/2+,+1.491(8),129,55,Cs,$^{129}_{55}Cs$
55 Cs 130,0,29.9 m,1+,+1.460(7),130,55,Cs,$^{130}_{55}Cs$
55 Cs 131,0,9.69 d,5/2+,+3.53(2),131,55,Cs,$^{131}_{55}Cs$
55 Cs 132,0,6.47 d,2(-),+2.222(7),132,55,Cs,$^{132}_{55}Cs$
55 Cs 133,0,stable,7/2+,+2.582025(3),133,55,Cs,$^{133}_{55}Cs$
55 Cs 134,0,2.06 y,4+,+2.9937(9),134,55,Cs,$^{134}_{55}Cs$
55 Cs 135,0,3x10*6 y,7/2+,+2.7324(2),135,55,Cs,$^{135}_{55}Cs$
55 Cs 136,0,13.2 d,5+,+3.711(15),136,55,Cs,$^{136}_{55}Cs$
55 Cs 137,0,30.17 y,7/2+,+2.8513(7),137,55,Cs,$^{137}_{55}Cs$
55 Cs 138,0,32.2 m,3-,+0.700(4),138,55,Cs,$^{138}_{55}Cs$
55 Cs 139,0,9.4 m,7/2+,+2.696(4),139,55,Cs,$^{139}_{55}Cs$
55 Cs 140,0,65 s,1-,+0.1338953(5),140,55,Cs,$^{140}_{55}Cs$
55 Cs 141,0,25.1 s,7/2+,+2.438(10),141,55,Cs,$^{141}_{55}Cs$
55 Cs 143,0,1.78 s,3/2+,+0.870(4),143,55,Cs,$^{143}_{55}Cs$
55 Cs 144,0,1.00 s,1,-0.546(3),144,55,Cs,$^{144}_{55}Cs$
55 Cs 145,0,0.59 s,3/2+,+0.784(4),145,55,Cs,$^{145}_{55}Cs$
55 Cs 146,0,0.34 s,1,-0.515(2),146,55,Cs,$^{146}_{55}Cs$
56 Ba 121,0,30 s,5/2(+),+0.660(1),121,56,Ba,$^{121}_{56}Ba$
56 Ba 123,0,2.7 m,5/2+,-0.680(1),123,56,Ba,$^{123}_{56}Ba$
56 Ba 125,0,3.5 m,1/2+,+0.177(12),125,56,Ba,$^{125}_{56}Ba$
56 Ba 127,0,12.7 m,1/2(+),+0.0834(10),127,56,Ba,$^{127}_{56}Ba$
56 Ba 129,0,2.23 h,1/2+,-0.40(2),129,56,Ba,$^{129}_{56}Ba$
56 Ba 130,357,37 ps,2+,+0.70(6),130,56,Ba,$^{130}_{56}Ba$
56 Ba 131,0,11.8 d,1/2+,0.708113(15),131,56,Ba,$^{131}_{56}Ba$
56 Ba 132,465,18 ps,2+,+0.68(6),132,56,Ba,$^{132}_{56}Ba$
56 Ba 133,0,10.7 y,1/2+,0.77167(2),133,56,Ba,$^{133}_{56}Ba$
56 Ba 134,605,5.1 ps,2+,+0.86(10),134,56,Ba,$^{134}_{56}Ba$
56 Ba 135,0,stable,3/2+,+0.83794(2),135,56,Ba,$^{135}_{56}Ba$
56 Ba 136,819,1.93 ps,2+,+0.69(10),136,56,Ba,$^{136}_{56}Ba$
56 Ba 137,0,stable,3/2+,+0.93737(2),137,56,Ba,$^{137}_{56}Ba$
56 Ba 138,1436,0.206 ps,2+,+1.4(2),138,56,Ba,$^{138}_{56}Ba$
56 Ba 139,0,84.6 m,7/2-,-0.973(5),139,56,Ba,$^{139}_{56}Ba$
56 Ba 141,0,18.7 m,3/2-,-0.337(5),141,56,Ba,$^{141}_{56}Ba$
56 Ba 142,359,66 ps,2+,0.85(10),142,56,Ba,$^{142}_{56}Ba$
56 Ba 143,0,14.5 s,5/2(+),+0.443(11),143,56,Ba,$^{143}_{56}Ba$
56 Ba 144,199,0.70 ns,2+,0.68(10),144,56,Ba,$^{144}_{56}Ba$
56 Ba 145,0,4.31 s,5/2(-),-0.285(7),145,56,Ba,$^{145}_{56}Ba$
56 Ba 146,181,0.85 ns,2+,0.56(14),146,56,Ba,$^{146}_{56}Ba$
57 La 133,536,60 ns,11/2-,7.5(5),133,57,La,$^{133}_{57}La$
57 La 135,2737,50 ns,(27/2)+,0.0(2),135,57,La,$^{135}_{57}La$
57 La 137,0,6 x 10*4 y,7/2+,+2.695(6),137,57,La,$^{137}_{57}La$
57 La 138,0,1.1x10*11 y,5+,+3.713646(7),138,57,La,$^{138}_{57}La$
57 La 139,0,stable,7/2+,+2.7830455(9),139,57,La,$^{139}_{57}La$
57 La 140,0,40.3 h,3-,+0.730(15),140,57,La,$^{140}_{57}La$
58 Ce 126,2887,8 ps,10+,~+10,126,58,Ce,$^{126}_{58}Ce$
58 Ce 134,3209,308 ns,10+,-1.87(2),134,58,Ce,$^{134}_{58}Ce$
58 Ce 135,2126,8.2 ns,19/2+,-0.66(10),135,58,Ce,$^{135}_{58}Ce$
58 Ce 136,3095,2.2 μs,10+,-1.80(2),136,58,Ce,$^{136}_{58}Ce$
58 Ce 137,0,9.0 h,3/2+,0.96(4),137,58,Ce,$^{137}_{58}Ce$
58 Ce 138,3538,82 ns,10+,-1.70(3),138,58,Ce,$^{138}_{58}Ce$
58 Ce 139,0,137.6 d,3/2+,1.06(4),139,58,Ce,$^{139}_{58}Ce$
58 Ce 140,1596,90 fs,2+,+1.9(2),140,58,Ce,$^{140}_{58}Ce$
58 Ce 141,0,32.5 d,7/2-,1.09(4),141,58,Ce,$^{141}_{58}Ce$
58 Ce 142,641,5.7 ps,2+,+0.42(10),142,58,Ce,$^{142}_{58}Ce$
58 Ce 143,0,33 h,3/2-,0.43(2),143,58,Ce,$^{143}_{58}Ce$
58 Ce 146,259,0.25 ns,2+,0.48(10),146,58,Ce,$^{146}_{58}Ce$
58 Ce 148,158,1.01 ns,2+,0.74(12),148,58,Ce,$^{148}_{58}Ce$
59 Pr 136,548,90 ns,4+,+2.3(8),136,59,Pr,$^{136}_{59}Pr$
59 Pr 139,822,45 ns,11/2-,+6.6(5),139,59,Pr,$^{139}_{59}Pr$
59 Pr 141,0,stable,5/2+,+4.2754(5),141,59,Pr,$^{141}_{59}Pr$
59 Pr 142,0,19.2 h,2-,+0.234(1),142,59,Pr,$^{142}_{59}Pr$
59 Pr 143,0,13.57 d,7/2+,+2.701(4),143,59,Pr,$^{143}_{59}Pr$
59 Pr 144,80,0.12 ns,1-,-1.2(4),144,59,Pr,$^{144}_{59}Pr$
60 Nd 134,295,64 ps,2+,+1.2(4),134,60,Nd,$^{134}_{60}Nd$
60 Nd 135,0,12.4 m,9/2-,-0.78(3),135,60,Nd,$^{135}_{60}Nd$
60 Nd 136,3298,51.3 ps,10+,+11(4),136,60,Nd,$^{136}_{60}Nd$
60 Nd 137,0,38 m,1/2+,-0.633(5),137,60,Nd,$^{137}_{60}Nd$
60 Nd 138,3172,330 ns,10+,-1.74(4),138,60,Nd,$^{138}_{60}Nd$
60 Nd 139,0,30 m,3/2+,+0.907(7),139,60,Nd,$^{139}_{60}Nd$
60 Nd 140,3622,22 ns,10+,-1.92(12),140,60,Nd,$^{140}_{60}Nd$
60 Nd 141,0,2.49 h,3/2+,+1.012(9),141,60,Nd,$^{141}_{60}Nd$
60 Nd 142,1576,110 fs,2+,+1.69(15),142,60,Nd,$^{142}_{60}Nd$
60 Nd 143,0,stable,7/2-,-1.065(5),143,60,Nd,$^{143}_{60}Nd$
60 Nd 144,697,4.51 ps,2+,0.32(4),144,60,Nd,$^{144}_{60}Nd$
60 Nd 145,0,stable,7/2-,-0.656(4),145,60,Nd,$^{145}_{60}Nd$
60 Nd 146,454,27.5 ps,2+,0.58(2),146,60,Nd,$^{146}_{60}Nd$
60 Nd 147,0,11.0 d,5/2-,0.578(3),147,60,Nd,$^{147}_{60}Nd$
60 Nd 148,302,78.3 ps,2+,0.70(4),148,60,Nd,$^{148}_{60}Nd$
60 Nd 149,0,1.73 h,5/2-,0.351(10),149,60,Nd,$^{149}_{60}Nd$
60 Nd 150,130,2142 ps,2+,0.76(10),150,60,Nd,$^{150}_{60}Nd$
61 Pm 138,0,3.5 m,(3+),3.2(9),138,61,Pm,$^{138}_{61}Pm$
61 Pm 143,0,265 d,5/2+,3.8(5),143,61,Pm,$^{143}_{61}Pm$
61 Pm 144,0,349 d,5-,1.69(14),144,61,Pm,$^{144}_{61}Pm$
61 Pm 145,0,17.7 y,5/2+,+3.80(16),145,61,Pm,$^{145}_{61}Pm$
61 Pm 147,0,2.623 y,7/2+,+2.58(7),147,61,Pm,$^{147}_{61}Pm$
61 Pm 148,0,5.37 d,1-,+2.1(2),148,61,Pm,$^{148}_{61}Pm$
61 Pm 149,0,53.1 h,7/2+,3.3(5),149,61,Pm,$^{149}_{61}Pm$
61 Pm 151,0,28.4 h,5/2 +,1.8(2),151,61,Pm,$^{151}_{61}Pm$
62 Sm 138,2903,0.55 ns,10+,~10,138,62,Sm,$^{138}_{62}Sm$
62 Sm 139,0,2.57 m,1/2+,-0.53(2),139,62,Sm,$^{139}_{62}Sm$
62 Sm 140,3172,19.4 ns,10+,-1.8(2),140,62,Sm,$^{140}_{62}Sm$
62 Sm 141,0,10.2 m,1/2+,-0.74(2),141,62,Sm,$^{141}_{62}Sm$
62 Sm 142,2372,170 ns,7-,+0.42,142,62,Sm,$^{142}_{62}Sm$
62 Sm 143,0,8.83 m,3/2+,+1.01(2),143,62,Sm,$^{143}_{62}Sm$
62 Sm 144,1660,85 fs,2+,+1.5(2),144,62,Sm,$^{144}_{62}Sm$
62 Sm 145,0,340 d,7/2-,-1.11(6),145,62,Sm,$^{145}_{62}Sm$
62 Sm 147,0,1.1x10*11y,7/2-,-0.812(2),147,62,Sm,$^{147}_{62}Sm$
62 Sm 148,550,7.3 ps,2+,+0.51(4),148,62,Sm,$^{148}_{62}Sm$
62 Sm 149,0,> 2x10*15 y,7/2-,-0.6677(11),149,62,Sm,$^{149}_{62}Sm$
62 Sm 150,334,49 ps,2+,+0.77(5),150,62,Sm,$^{150}_{62}Sm$
62 Sm 151,0,90 y,5/2-,-0.3611(13),151,62,Sm,$^{151}_{62}Sm$
62 Sm 152,122,1.40 ns,2+,+0.80(6),152,62,Sm,$^{152}_{62}Sm$
62 Sm 153,0,46.8 h,3/2+,-0.021(3),153,62,Sm,$^{153}_{62}Sm$
62 Sm 154,82,3.01 ns,2+,+0.78(4),154,62,Sm,$^{154}_{62}Sm$
62 Sm 155,0,22.4 m,3/2-,,155,62,Sm,$^{155}_{62}Sm$
63 Eu 138,0,12.1 s,(6-),5.3(7),138,63,Eu,$^{138}_{63}Eu$
63 Eu 139,0,17.9s,(11/2-),6.1(8),139,63,Eu,$^{139}_{63}Eu$
63 Eu 140,0 + x,1.54 s,1(+),+1.365(13),140,63,Eu,$^{140}_{63}Eu$
63 Eu 141,0,40 s,5/2+,+3.494(8),141,63,Eu,$^{141}_{63}Eu$
63 Eu 142,0,2.4 s,1+,+1.54(2),142,63,Eu,$^{142}_{63}Eu$
63 Eu 143,0,2.6 m,5/2+,+3.673(8),143,63,Eu,$^{143}_{63}Eu$
63 Eu 144,0,10 s,1+,+1.893(13),144,63,Eu,$^{144}_{63}Eu$
63 Eu 145,0,5.93 d,5/2+,+3.999(3),145,63,Eu,$^{145}_{63}Eu$
63 Eu 146,0,4.59 d,4-,+1.421(8),146,63,Eu,$^{146}_{63}Eu$
63 Eu 147,0,24.1 d,5/2+,+3.736(6),147,63,Eu,$^{147}_{63}Eu$
63 Eu 148,0,54.5 d,5-,+2.340(10),148,63,Eu,$^{148}_{63}Eu$
63 Eu 149,0,93.1 d,5/2+,+3.576(10),149,63,Eu,$^{149}_{63}Eu$
63 Eu 150,0,35.8 y,5(-),+2.708(11),150,63,Eu,$^{150}_{63}Eu$
63 Eu 151,0,stable,5/2+,+3.4717(6),151,63,Eu,$^{151}_{63}Eu$
63 Eu 152,0,13.54 y,3-,-1.9401(8),152,63,Eu,$^{152}_{63}Eu$
63 Eu 153,0,stable,5/2+,+1.5324(3),153,63,Eu,$^{153}_{63}Eu$
63 Eu 154,0,8.6 y,3-,-2.005(6),154,63,Eu,$^{154}_{63}Eu$
63 Eu 155,0,4.68 y,5/2+,+1.52(2),155,63,Eu,$^{155}_{63}Eu$
63 Eu 157,0,15.2 h,5/2+,+1.50(2),157,63,Eu,$^{157}_{63}Eu$
63 Eu 158,0,45.9 m,1(-),+1.44(2),158,63,Eu,$^{158}_{63}Eu$
63 Eu 159,0,18.1 m,5/2+,+1.38(2),159,63,Eu,$^{159}_{63}Eu$
64 Gd 144,3433,130 ns,10+,+12.76(14),144,64,Gd,$^{144}_{64}Gd$
64 Gd 146,1580,1.1 ns,3-,+2.1(9),146,64,Gd,$^{146}_{64}Gd$
64 Gd 147,0,38.1 h,7/2-,1.02(9),147,64,Gd,$^{147}_{64}Gd$
64 Gd 148,2695,16.5 ns,9-,-0.16(2),148,64,Gd,$^{148}_{64}Gd$
64 Gd 149,0,9.4 d,7/2-,0.88(4),149,64,Gd,$^{149}_{64}Gd$
64 Gd 151,0,120 d,7/2-,0.77(6),151,64,Gd,$^{151}_{64}Gd$
64 Gd 152,344,28.6 ps,2+,+0.96(8),152,64,Gd,$^{152}_{64}Gd$
64 Gd 153,0,241.6 d,3/2-,0.38(8),153,64,Gd,$^{153}_{64}Gd$
64 Gd 154,123,1.17 ns,2+,+0.96(6),154,64,Gd,$^{154}_{64}Gd$
64 Gd 155,0,stable,3/2-,-0.2572(4),155,64,Gd,$^{155}_{64}Gd$
64 Gd 156,89,2.21 ns,2+,+0.82(14),156,64,Gd,$^{156}_{64}Gd$
64 Gd 157,0,stable,3/2-,-0.3398(7),157,64,Gd,$^{157}_{64}Gd$
64 Gd 158,80,2.52 ns,2+,+0.78(6),158,64,Gd,$^{158}_{64}Gd$
64 Gd 159,0,18.6 h,3/2-,-0.44(3),159,64,Gd,$^{159}_{64}Gd$
64 Gd 160,75,2.70 ns,2+,+.72(4),160,64,Gd,$^{160}_{64}Gd$
65 Tb 147,0,1.7 h,1/2+,+1.70(5),147,65,Tb,$^{147}_{65}Tb$
65 Tb 148,0,60 m,2-,-1.75(2),148,65,Tb,$^{148}_{65}Tb$
65 Tb 149,0,4.12 h,1/2+,+1.35(2),149,65,Tb,$^{149}_{65}Tb$
65 Tb 150,0 + x,3.48 h,2(-),-0.90(2),150,65,Tb,$^{150}_{65}Tb$
65 Tb 151,0,17.6 h,1/2(+),+0.919(6),151,65,Tb,$^{151}_{65}Tb$
65 Tb 152,0,17.5 h,2-,-0.58(2),152,65,Tb,$^{152}_{65}Tb$
65 Tb 153,0,2.34 d,5/2+,+3.44(2),153,65,Tb,$^{153}_{65}Tb$
65 Tb 154,0 + x,9.4 h,3-,+1.6(2),154,65,Tb,$^{154}_{65}Tb$
65 Tb 155,0,5.32 d,3/2+,+2.01(2),155,65,Tb,$^{155}_{65}Tb$
65 Tb 166,0,5.35 d,3-,1.7(2),166,65,Tb,$^{166}_{65}Tb$
65 Tb 157,0,99 y,3/2+,+2.01(2),157,65,Tb,$^{157}_{65}Tb$
65 Tb 158,0,150 y,3-,+1.758(7),158,65,Tb,$^{158}_{65}Tb$
65 Tb 159,0,stable,3/2+,+2.014(4),159,65,Tb,$^{159}_{65}Tb$
65 Tb 160,0,72.1 d,3-,1.790(7),160,65,Tb,$^{160}_{65}Tb$
65 Tb 161,0,6.9 d,3/2+ 2.2(1),,161,65,Tb,$^{161}_{65}Tb$
66 Dy 147,0,~1.3 m,(1/2+) -0.915(9),,147,66,Dy,$^{147}_{66}Dy$
66 Dy 149,0,4.23 m,7/2- -0.119(7),,149,66,Dy,$^{149}_{66}Dy$
66 Dy 151,0,17 m,7/2- -0.945(7),,151,66,Dy,$^{151}_{66}Dy$
66 Dy 152,6129,9.9 ns,21- +11.6(12),,152,66,Dy,$^{152}_{66}Dy$
66 Dy 153,0,6.3 h,7/2- -0.782(6),,153,66,Dy,$^{153}_{66}Dy$
66 Dy 154,yrast,,2+ g ratio to 2+ = 1.00,,154,66,Dy,$^{154}_{66}Dy$
66 Dy 155,0,10.0 h,3/2- -0.385(4),,155,66,Dy,$^{155}_{66}Dy$
66 Dy 156,138,0.82 ns,2+,+0.78(8),156,66,Dy,$^{156}_{66}Dy$
66 Dy 157,0,8.1 h,3/2-,-0.301(2),157,66,Dy,$^{157}_{66}Dy$
66 Dy 158,99,1.66 μs,2+,+0.72(5),158,66,Dy,$^{158}_{66}Dy$
66 Dy 159,0,144 d,3/2-,-0.354(3),159,66,Dy,$^{159}_{66}Dy$
66 Dy 160,87,1.96 ns,2+,+0.74(2),160,66,Dy,$^{160}_{66}Dy$
66 Dy 161,0,stable,5/2+,-0.480(3),161,66,Dy,$^{161}_{66}Dy$
66 Dy 162,81,2.25 ns,2+,+0.69(3),162,66,Dy,$^{162}_{66}Dy$
66 Dy 163,0,stable,5/2-,+0.673(4),163,66,Dy,$^{163}_{66}Dy$
66 Dy 164,73,2.39 ns,2+,+0.68(2),164,66,Dy,$^{164}_{66}Dy$
66 Dy 165,0,2.33 h,7/2+,-0.520(5),165,66,Dy,$^{165}_{66}Dy$
67 Ho 152,0,161.8 s,2-,-1.02(2),152,67,Ho,$^{152}_{67}Ho$
67 Ho 153,0,2.0 m,11/2-,+6.81(5),153,67,Ho,$^{153}_{67}Ho$
67 Ho 154,0,11.76 m,2-,-0.643(6),154,67,Ho,$^{154}_{67}Ho$
67 Ho 155,0,48 m,5/2+,+3.51(3),155,67,Ho,$^{155}_{67}Ho$
67 Ho 156,0,56 m,4(+),+2.99(3),156,67,Ho,$^{156}_{67}Ho$
67 Ho 157,0,12.6 m,7/2-,+4.35(3),157,67,Ho,$^{157}_{67}Ho$
67 Ho 158,0,11.3 m,5+,+3.77(3),158,67,Ho,$^{158}_{67}Ho$
67 Ho 159,0,35.05 m,7/2-,+4.28(3),159,67,Ho,$^{159}_{67}Ho$
67 Ho 160,0,25.6 m,5+,+3.71(3),160,67,Ho,$^{160}_{67}Ho$
67 Ho 161,0,2.48 h,7/2-,+4.25(3),161,67,Ho,$^{161}_{67}Ho$
67 Ho 162,106,67 m,6-,+3.60(4),162,67,Ho,$^{162}_{67}Ho$
67 Ho 163,0,4570 y,7/2-,+4.23(4),163,67,Ho,$^{163}_{67}Ho$
67 Ho 165,0,stable,7/2-,+4.17(3),165,67,Ho,$^{165}_{67}Ho$
67 Ho 166,6,1200 y,(7)-,3.60(16),166,67,Ho,$^{166}_{67}Ho$
68 Er 152,2184,1.8 ns,8+,-0.6(6),152,68,Er,$^{152}_{68}Er$
68 Er 153,0,37.1 s,(7/2-),-0.934(5),153,68,Er,$^{153}_{68}Er$
68 Er 154,3016 + x,39 ns,11-,+0.169(13),154,68,Er,$^{154}_{68}Er$
68 Er 155,0,5.3 m,7/2-,-0.669(4),155,68,Er,$^{155}_{68}Er$
68 Er 156,345,33 ps,2+,0.80(12),156,68,Er,$^{156}_{68}Er$
68 Er 157,0,25 m,3/2-,-0.412(3),157,68,Er,$^{157}_{68}Er$
68 Er 158,192,0.30 ns,2+,0.72(11),158,68,Er,$^{158}_{68}Er$
68 Er 159,0,36 m,3/2-,-0.304(2),159,68,Er,$^{159}_{68}Er$
68 Er 160,390,34 ps,4+,1.28(19),160,68,Er,$^{160}_{68}Er$
68 Er 161,0,3.21 h,3/2-,-0.365(3),161,68,Er,$^{161}_{68}Er$
68 Er 162,102,1.3 ns,2+,,162,68,Er,$^{162}_{68}Er$
68 Er 163,0,75.1 m,5/2-,+0.557(4),163,68,Er,$^{163}_{68}Er$
68 Er 164,92,1.48 ns,2+,0.697(15),164,68,Er,$^{164}_{68}Er$
68 Er 165,0,10.36 h,5/2-,+0.643(3),165,68,Er,$^{165}_{68}Er$
68 Er 166,81,1.85 ns,2+,+0.649(10),166,68,Er,$^{166}_{68}Er$
68 Er 167,0,stable,7/2+,-0.56385(12),167,68,Er,$^{167}_{68}Er$
68 Er 168,80,1.86 ns,2+,+0.62(6),168,68,Er,$^{168}_{68}Er$
68 Er 169,0,9.40 d,1/2-,+0.52(3),169,68,Er,$^{169}_{68}Er$
68 Er 170,79,1.90 ns,2+,0.633(13),170,68,Er,$^{170}_{68}Er$
68 Er 171,0,7.52 h,5/2-,0.659(10),171,68,Er,$^{171}_{68}Er$
69 Tm 156,0,1.3 m,2-,+0.40(3),156,69,Tm,$^{156}_{69}Tm$
69 Tm 157,0,3.6 m,1/2+,+0.476(15),157,69,Tm,$^{157}_{69}Tm$
69 Tm 158,0,4.3 m,2-,+0.04(2),158,69,Tm,$^{158}_{69}Tm$
69 Tm 159,0,9.0 m,5/2+,+3.42(3),159,69,Tm,$^{159}_{69}Tm$
69 Tm 160,0,9.4 m,1-,+0.16(2),160,69,Tm,$^{160}_{69}Tm$
69 Tm 161,0,38 m,7/2+,+2.40(2),161,69,Tm,$^{161}_{69}Tm$
69 Tm 162,0,21 m,1-,+0.068(8),162,69,Tm,$^{162}_{69}Tm$
69 Tm 163,0,1.8 h,1/2+,-0.082(1),163,69,Tm,$^{163}_{69}Tm$
69 Tm 164,0,2.0 m,1+,+2.83(3),164,69,Tm,$^{164}_{69}Tm$
69 Tm 165,0,30.06 h,1/2+,-0.139(2),165,69,Tm,$^{165}_{69}Tm$
69 Tm 166,0,7.7 h,2+,+0.092(1),166,69,Tm,$^{166}_{69}Tm$
69 Tm 167,0,9.25 d,1/2+,-0.197(2),167,69,Tm,$^{167}_{69}Tm$
69 Tm 168,0,85 d,3+,+0.227(11),168,69,Tm,$^{168}_{69}Tm$
69 Tm 169,0,stable,1/2+,-0.2310(15) d,169,69,Tm,$^{169}_{69}Tm$
69 Tm 170,0,128.6 d,1+,+0.246(2),170,69,Tm,$^{170}_{69}Tm$
69 Tm 171,0,1.92 y,1/2+,-0.228(4),171,69,Tm,$^{171}_{69}Tm$
70 Yb 155,0,1.59 s,(7/2-),-0.84(8),155,70,Yb,$^{155}_{70}Yb$
70 Yb 157,0,38.6 s,7/2-,-0.639(8),157,70,Yb,$^{157}_{70}Yb$
70 Yb 158,band,,30 - 38,(+)0.20(7),158,70,Yb,$^{158}_{70}Yb$
70 Yb 159,0,1.58 m,5/2(-),-0.368(8),159,70,Yb,$^{159}_{70}Yb$
70 Yb 160,band,,~4+,+1.9(10),160,70,Yb,$^{160}_{70}Yb$
70 Yb 161,0,4.2 m,3/2-,-0.327(8),161,70,Yb,$^{161}_{70}Yb$
70 Yb 162,cont.,,20-32,g(av) = 0.24(5),162,70,Yb,$^{162}_{70}Yb$
70 Yb 163,0,11.0 m,3/2-,-0.374(8),163,70,Yb,$^{163}_{70}Yb$
70 Yb 165,0,9.9 m,5/2-,+0.478(8),165,70,Yb,$^{165}_{70}Yb$
70 Yb 167,0,17.5 m,5/2-,+0.623(8),167,70,Yb,$^{167}_{70}Yb$
70 Yb 169,0,32.0 d,7/2+,-0.635(8),169,70,Yb,$^{169}_{70}Yb$
70 Yb 170,84,1.57 ns,2+,+0.674(8),170,70,Yb,$^{170}_{70}Yb$
70 Yb 171,0,stable,1/2-,+0.49367(1),171,70,Yb,$^{171}_{70}Yb$
70 Yb 172,260,0.122 ns,4+,,172,70,Yb,$^{172}_{70}Yb$
70 Yb 173,0,stable,5/2-,-0.648(3),173,70,Yb,$^{173}_{70}Yb$
70 Yb 174,77,1.79 ns,2+,+0.676(8),174,70,Yb,$^{174}_{70}Yb$
70 Yb 175,0,4.18 d,7/2-,0.768(8),175,70,Yb,$^{175}_{70}Yb$
70 Yb  176,82,1.8 ns,2+,+0.68(3),176,70,Yb,$^{176}_{70}Yb$
71 Lu 169,0,34.1 h,7/2+,2.297(13),169,71,Lu,$^{169}_{71}Lu$
71 Lu 171,0,8.24 d,7/2+,2.305(12),171,71,Lu,$^{171}_{71}Lu$
71 Lu 172,0,6.70 d,4-,2.893(15),172,71,Lu,$^{172}_{71}Lu$
71 Lu 173,0,1.37 y,7/2+,2.280(12),173,71,Lu,$^{173}_{71}Lu$
71 Lu 174,0,3.3 y,1-,1.9(3),174,71,Lu,$^{174}_{71}Lu$
71 Lu 175,0,stable,7/2+,+2.2323(11),175,71,Lu,$^{175}_{71}Lu$
71 Lu 176,0,3.6x10*10 y,7-,+3.169(5),176,71,Lu,$^{176}_{71}Lu$
71 Lu 177,0,6.71 d,7/2+,+2.239(11),177,71,Lu,$^{177}_{71}Lu$
72 Hf 165,> yrast,_,_,average g = +0.14(3),165,72,Hf,$^{165}_{72}Hf$
72 Hf 166,> yrast,_,_,average g = +0.19(4),166,72,Hf,$^{166}_{72}Hf$
72 Hf 168,>1213,~ 1 ps,>6+,average g = +0.07(4),168,72,Hf,$^{168}_{72}Hf$
72 Hf 172,>1037,~0.5 ps,>6+,average g = +0.14(4),172,72,Hf,$^{172}_{72}Hf$
72 Hf 173,1984,19.5 ns,23/2-,+6.6(2),173,72,Hf,$^{173}_{72}Hf$
72 Hf 174,1549,138 ns,(6+),+5.42(5),174,72,Hf,$^{174}_{72}Hf$
72 Hf 175,0,70 d,5/2-,-0.62(3),175,72,Hf,$^{175}_{72}Hf$
72 Hf 176,88,1.47 ns,2+,+0.63(6),176,72,Hf,$^{176}_{72}Hf$
72 Hf 177,0,stable,7/2-,+0.7935(6),177,72,Hf,$^{177}_{72}Hf$
72 Hf 178,93,1.47 ns,2+,+0.48(3),178,72,Hf,$^{178}_{72}Hf$
72 Hf 179,0,stable,9/2+,-0.6409(13),179,72,Hf,$^{179}_{72}Hf$
72 Hf 180,93,1.53 ns,2+,+0.61(3),180,72,Hf,$^{180}_{72}Hf$
73 Ta 171,184,45 ns,9/2-,,171,73,Ta,$^{171}_{73}Ta$
73 Ta 173,0,3.14 h,5/2-,1.70(3),173,73,Ta,$^{173}_{73}Ta$
73 Ta 175,0,10.5 h,7/2+,2.27(5),175,73,Ta,$^{175}_{73}Ta$
73 Ta 177,0,56.6 h,7/2+,2.25(5),177,73,Ta,$^{177}_{73}Ta$
73 Ta 178,0 + x,9.3 m,1+,2.740(12),178,73,Ta,$^{178}_{73}Ta$
73 Ta 179,0,1.82 y,7/2+,+2.289(9),179,73,Ta,$^{179}_{73}Ta$
73 Ta 180,75,>1.2x10*15y,9-,+4.825(11),180,73,Ta,$^{180}_{73}Ta$
73 Ta 181,0,stable,7/2+,+2.3705(7),181,73,Ta,$^{181}_{73}Ta$
73 Ta 182,0,115 d,3-,3.02(3),182,73,Ta,$^{182}_{73}Ta$
73 Ta 183,0,5.1 d,7/2+,(+)2.36(3),183,73,Ta,$^{183}_{73}Ta$
74 W 178,199,213 ps,2+,+0.50(10),178,74,W,$^{178}_{74}W$
74 W 179,3348,750 ns,35/2-,,179,74,W,$^{179}_{74}W$
74 W 180,104,1.22 ns,2+,0.51(3),180,74,W,$^{180}_{74}W$
74 W 182,100,1.37,2+,0.52(2),182,74,W,$^{182}_{74}W$
74 W 183,0,stable,1/2-,+0.11778476(9),183,74,W,$^{183}_{74}W$
74 W 184,111,1.25 ns,2+,+0.578(14),184,74,W,$^{184}_{74}W$
74 W 186,123,1.05 ns,2+,0.62(3),186,74,W,$^{186}_{74}W$
74 W 187,0,23.9 h,3/2-,0.621(15),187,74,W,$^{187}_{74}W$
75 Re 179,0,19.7 m,(5/2)+,2.8(4),179,75,Re,$^{179}_{75}Re$
75 Re 180,0,2.4 m,(1)-,1.6(2),180,75,Re,$^{180}_{75}Re$
75 Re 181,0,19.9 h,5/2+,3.19(7),181,75,Re,$^{181}_{75}Re$
75 Re 182,0,64.0 h,7+,2.84(6),182,75,Re,$^{182}_{75}Re$
75 Re 183,0,70.0 d,5/2+,3.168(15),183,75,Re,$^{183}_{75}Re$
75 Re 184,0,38.0 d,3-,(+)2.53(5),184,75,Re,$^{184}_{75}Re$
75 Re 185,0,stable,5/2+,+3.1871(3),185,75,Re,$^{185}_{75}Re$
75 Re 186,0,90.6 h,1-,+1.739(6),186,75,Re,$^{186}_{75}Re$
75 Re 187,0,4 x 10*10 y,5/2+,+3.2197(3),187,75,Re,$^{187}_{75}Re$
75 Re 188,0,16.9 h,1-,+1.788(5),188,75,Re,$^{188}_{75}Re$
76 Os 182,7049,150 ns,25(+),+10.6(2),182,76,Os,$^{182}_{76}Os$
76 Os 183,0,13.0 h,9/2+,(-)0.794(14),183,76,Os,$^{183}_{76}Os$
76 Os 184,120,1.18 ns,2+,,184,76,Os,$^{184}_{76}Os$
76 Os 186,137,830 ps,2+,+0.56(2),186,76,Os,$^{186}_{76}Os$
76 Os 187,0,stable,1/2-,+0.06465189(6),187,76,Os,$^{187}_{76}Os$
76 Os 188,155,710 ps,2+,+0.58(2),188,76,Os,$^{188}_{76}Os$
76 Os 189,0,stable,3/2-,+0.659933(4),189,76,Os,$^{189}_{76}Os$
76 Os 190,187,366 ps,2+,+0.70(2),190,76,Os,$^{190}_{76}Os$
76 Os 191,0,15.4 d,9/2-,+0.96(3),191,76,Os,$^{191}_{76}Os$
76 Os 192,206,289 ps,2+,+0.79(2),192,76,Os,$^{192}_{76}Os$
76 Os 193,0,30.5 h,3/2-,0.730(2),193,76,Os,$^{193}_{76}Os$
77 Ir 180,0,1.5 m,unknown,2.2(2) [I=3],180,77,Ir,$^{180}_{77}Ir$
77 Ir 182,0,15 m,unknown,1.91(9) [I=2],182,77,Ir,$^{182}_{77}Ir$
77 Ir 183,0,55 m,"5/2, 7/2",2.36(8) [I=5/2],183,77,Ir,$^{183}_{77}Ir$
77 Ir 184,0,3.14 h,5-,0.696(5),184,77,Ir,$^{184}_{77}Ir$
77 Ir 185,0,14.4 h,5/2-,2.605(13),185,77,Ir,$^{185}_{77}Ir$
77 Ir 186,0,16.64 h,5+,3.88(5),186,77,Ir,$^{186}_{77}Ir$
77 Ir 187,0,10.5 h,3/2+,,187,77,Ir,$^{187}_{77}Ir$
77 Ir 188,0,40.5 h,1(-),0.302(10),188,77,Ir,$^{188}_{77}Ir$
77 Ir 189,0,13.1 d,3/2+,"0.13(+8,-4)",189,77,Ir,$^{189}_{77}Ir$
77 Ir 190,0,11.8 d,(4)+,0.04(1),190,77,Ir,$^{190}_{77}Ir$
77 Ir 191,0,stable,3/2+,+0.1507(6),191,77,Ir,$^{191}_{77}Ir$
77 Ir 193,0,stable,3/2+,+0.1637(6),193,77,Ir,$^{193}_{77}Ir$
77 Ir 194,0,19.4 h,1-,0.39(1),194,77,Ir,$^{194}_{77}Ir$
78 Pt 183,0,6.5 m,1/2-,+0.51(3),183,78,Pt,$^{183}_{78}Pt$
78 Pt 184,163,376 ps,2+,+0.56(6),184,78,Pt,$^{184}_{78}Pt$
78 Pt 185,0,70.9 m,9/2+,0.774(14),185,78,Pt,$^{185}_{78}Pt$
78 Pt 186,192,260 ps,2+,+0.54(6),186,78,Pt,$^{186}_{78}Pt$
78 Pt 187,0,2.35 h,3/2-,0.408(8),187,78,Pt,$^{187}_{78}Pt$
78 Pt 188,266,64 ps,2+,+0.58(8),188,78,Pt,$^{188}_{78}Pt$
78 Pt 189,0,10.9 h,3/2-,-0.421(5),189,78,Pt,$^{189}_{78}Pt$
78 Pt 190,296,60 ps,2+,+0.57(3),190,78,Pt,$^{190}_{78}Pt$
78 Pt 191,0,2.9 d,3/2-,-0.501(5),191,78,Pt,$^{191}_{78}Pt$
78 Pt 192,317,43.7 ps,2+,+0.57(3),192,78,Pt,$^{192}_{78}Pt$
78 Pt 193,0,50 y,1/2-,+0.603(8),193,78,Pt,$^{193}_{78}Pt$
78 Pt 194,328,41.8 ps,2+,+0.60(3),194,78,Pt,$^{194}_{78}Pt$
78 Pt 195,0,stable,1/2-,+0.60952(6),195,78,Pt,$^{195}_{78}Pt$
78 Pt 196,356,34 ps,2+,+0.59(5),196,78,Pt,$^{196}_{78}Pt$
78 Pt 197,0,18.3 h,1/2-,0.51(2),197,78,Pt,$^{197}_{78}Pt$
78 Pt 198,407,22.3 ps,2+,+0.63(2),198,78,Pt,$^{198}_{78}Pt$
79 Au 182,0,21 s,unknown,1.30(10) [I=2],182,79,Au,$^{182}_{79}Au$
79 Au 183,0,42 s,5/2-,+1.97(2),183,79,Au,$^{183}_{79}Au$
79 Au 184,0,21 s,5,+2.07(2),184,79,Au,$^{184}_{79}Au$
79 Au 185,0,4.2 m,5/2-,+2.17(2),185,79,Au,$^{185}_{79}Au$
79 Au 186,0,10.7 m,3-,-1.28(3),186,79,Au,$^{186}_{79}Au$
79 Au 187,0,8.4 m,1/2+,+0.535(15),187,79,Au,$^{187}_{79}Au$
79 Au 188,0,8.8 m,1-,-0.07(3),188,79,Au,$^{188}_{79}Au$
79 Au 189,0,28.7 m,1/2+,+0.494(14),189,79,Au,$^{189}_{79}Au$
79 Au 190,0,42.8 m,1-,-0.065(7),190,79,Au,$^{190}_{79}Au$
79 Au 191,0,3.18 h,3/2+,+0.1369(9),191,79,Au,$^{191}_{79}Au$
79 Au 192,0,5.0 h,1-,-0.0107(15),192,79,Au,$^{192}_{79}Au$
79 Au 193,0,17.65 h,3/2+,0.1396(6),193,79,Au,$^{193}_{79}Au$
79 Au 194,0,39.5 h,1-,+0.0763(13),194,79,Au,$^{194}_{79}Au$
79 Au 195,0,183 d,3/2+,0.1487(6),195,79,Au,$^{195}_{79}Au$
79 Au 196,0,6.18 d,2-,+0.580(15),196,79,Au,$^{196}_{79}Au$
79 Au 197,0,stable,3/2+,+0.145746(9),197,79,Au,$^{197}_{79}Au$
79 Au 198,0,2.696 d,2-,+0.64(2),198,79,Au,$^{198}_{79}Au$
79 Au 199,0,3.14 d,3/2+,+0.261(2),199,79,Au,$^{199}_{79}Au$
79 Au 200,962,18.7 h,12-,5.90(9),200,79,Au,$^{200}_{79}Au$
80 Hg 181,0,3.6 s,1/2(-),+0.5071(7),181,80,Hg,$^{181}_{80}Hg$
80 Hg 183,0,8.8 s,1/2-,+0.524(5),183,80,Hg,$^{183}_{80}Hg$
80 Hg 185,0,55 s,1/2-,+0.509(4),185,80,Hg,$^{185}_{80}Hg$
80 Hg 187,0,2.4 m,13/2+,-1.044(11),187,80,Hg,$^{187}_{80}Hg$
80 Hg 188,2724,135 ns,12+,-2.02(12),188,80,Hg,$^{188}_{80}Hg$
80 Hg 189,0,7.6 m,3/2-,-0.6086(8),189,80,Hg,$^{189}_{80}Hg$
80 Hg 190,2621,21 ns,12+,-2.5(2),190,80,Hg,$^{190}_{80}Hg$
80 Hg 191,0,49 m,3/2-,-0.618(11),191,80,Hg,$^{191}_{80}Hg$
80 Hg 193,0,3.80 h,3/2-,-0.6276(2),193,80,Hg,$^{193}_{80}Hg$
80 Hg 194,2424,2.9 ns,10+,g(avge) = -0.24(4),194,80,Hg,$^{194}_{80}Hg$
80 Hg 195,0,9.9 h,1/2-,+0.5414749(14),195,80,Hg,$^{195}_{80}Hg$
80 Hg 196,1841,5.2 ns,7-,-0.29(13),196,80,Hg,$^{196}_{80}Hg$
80 Hg 197,0,64.1 h,1/2-,+0.5273744(9) d,197,80,Hg,$^{197}_{80}Hg$
80 Hg 198,412,23 ps,2+,+0.76(6),198,80,Hg,$^{198}_{80}Hg$
80 Hg 199,0,stable,1/2-,+0.5058855(9),199,80,Hg,$^{199}_{80}Hg$
80 Hg 200,368,46.6 ps,2+,+0.65(5),200,80,Hg,$^{200}_{80}Hg$
80 Hg 201,0,stable,3/2-,-0.5602257(14),201,80,Hg,$^{201}_{80}Hg$
80 Hg 202,440,27.3 ps,2+,+0.78(6),202,80,Hg,$^{202}_{80}Hg$
80 Hg 203,0,46.8 d,5/2-,+0.84895(13),203,80,Hg,$^{203}_{80}Hg$
80 Hg 204,437,40.2 ps,2+,+0.9(2),204,80,Hg,$^{204}_{80}Hg$
80 Hg 205,0,5.2 m,1/2-,+0.60089(10),205,80,Hg,$^{205}_{80}Hg$
80 Hg 206,2102,2.15 μs,5-,+5.45(5),206,80,Hg,$^{206}_{80}Hg$
81 Tl 187,0,51 s,(1/2+),1.55(6),187,81,Tl,$^{187}_{81}Tl$
81 Tl 188,0 + x,71 s,7+,+0.483(8),188,81,Tl,$^{188}_{81}Tl$
81 Tl 189,281,1.4 m,9/2-,+3.878(6),189,81,Tl,$^{189}_{81}Tl$
81 Tl 190,0 + x,2.6 m,2-,+0.254(2),190,81,Tl,$^{190}_{81}Tl$
81 Tl 191,0,2.2 m,1/2+,+1.588(4),191,81,Tl,$^{191}_{81}Tl$
81 Tl 192,0 + x,9.6 m,2-,+0.200(3),192,81,Tl,$^{192}_{81}Tl$
81 Tl 193,0,21.6 m,1/2+,+1.591(2),193,81,Tl,$^{193}_{81}Tl$
81 Tl 194,0,34 m,2-,+0.140(3),194,81,Tl,$^{194}_{81}Tl$
81 Tl 195,0,1.16 h,1/2+,+1.58(4),195,81,Tl,$^{195}_{81}Tl$
81 Tl 196,0,1.84 h,2-,+0.072(3),196,81,Tl,$^{196}_{81}Tl$
81 Tl 197,0,2.84 h,1/2+,+1.58(2),197,81,Tl,$^{197}_{81}Tl$
81 Tl 198,0,5.3 h,2-,0.00(1),198,81,Tl,$^{198}_{81}Tl$
81 Tl 199,0,7.4 h,1/2+,+1.60(2),199,81,Tl,$^{199}_{81}Tl$
81 Tl 200,0,26.1 h,2-,0.04(1),200,81,Tl,$^{200}_{81}Tl$
81 Tl 201,0,73 h,1/2+,+1.605(2),201,81,Tl,$^{201}_{81}Tl$
81 Tl 202,0,12.2 d,2-,0.06(1),202,81,Tl,$^{202}_{81}Tl$
81 Tl 203,0,stable,1/2+,+1.62225787(12),203,81,Tl,$^{203}_{81}Tl$
81 Tl 204,0,3.78 y,2-,0.09(1),204,81,Tl,$^{204}_{81}Tl$
81 Tl 205,0,stable,1/2+,+1.63821461(12),205,81,Tl,$^{205}_{81}Tl$
81 Tl 206,1405,78 ns,(5)+,+4.27(6),206,81,Tl,$^{206}_{81}Tl$
81 Tl 207,0,4.77 m,1/2+,+1.876(5),207,81,Tl,$^{207}_{81}Tl$
81 Tl 208,0,3.05 m,5(+),+0.292(13),208,81,Tl,$^{208}_{81}Tl$
82 Pb 191,138,2.18 m,13/2+,-1.172(7),191,82,Pb,$^{191}_{82}Pb$
82 Pb 192,2581+d,1.07 μs,12+,2.08(2),192,82,Pb,$^{192}_{82}Pb$
82 Pb 193,100,5.8 m,13/2+,-1.150(7),193,82,Pb,$^{193}_{82}Pb$
82 Pb 194,2407,18 ns,9-,-0.6(4),194,82,Pb,$^{194}_{82}Pb$
82 Pb 195,203,15.0 m,13/2+,-1.128(7),195,82,Pb,$^{195}_{82}Pb$
82 Pb 196,1797,185 ns,5-,+0.490(15),196,82,Pb,$^{196}_{82}Pb$
82 Pb 197,0,8 m,3/2-,-1.075(2),197,82,Pb,$^{197}_{82}Pb$
82 Pb 198,1823,49 ns,5-,+0.38(3),198,82,Pb,$^{198}_{82}Pb$
82 Pb 199,0,1.5 h,3/2-,-1.0742(12),199,82,Pb,$^{199}_{82}Pb$
82 Pb 200,2154,44 ns,7-,-0.21(10),200,82,Pb,$^{200}_{82}Pb$
82 Pb 201,0,9.33 h,5/2-,+0.6753(5),201,82,Pb,$^{201}_{82}Pb$
82 Pb 202,1384,1.97 ns,4+,+0.008(16),202,82,Pb,$^{202}_{82}Pb$
82 Pb 203,0,51.9 h,5/2-,+0.6864(5),203,82,Pb,$^{203}_{82}Pb$
82 Pb 204,899,2.94 ps,2+,<0.02,204,82,Pb,$^{204}_{82}Pb$
82 Pb 205,0,1.5x10*7y,5/2-,+0.7117(4),205,82,Pb,$^{205}_{82}Pb$
82 Pb 206,803,8.4 ps,2+,<0.03,206,82,Pb,$^{206}_{82}Pb$
82 Pb 207,0,stable,1/2-,+0.592583(9),207,82,Pb,$^{207}_{82}Pb$
82 Pb 208,2615,15 ps,3-,+1.9(2),208,82,Pb,$^{208}_{82}Pb$
82 Pb 209,0,3.25 h,9/2+,-1.4735(16),209,82,Pb,$^{209}_{82}Pb$
82 Pb 211,0,36.1 m,9/2+,-1.4037(8),211,82,Pb,$^{211}_{82}Pb$
83 Bi 199,0,11.8 h,9/2-,4.6(4),199,83,Bi,$^{199}_{83}Bi$
83 Bi 201,0,108 m,9/2-,4.8(3),201,83,Bi,$^{201}_{83}Bi$
83 Bi 202,0,1.72 h,5+,4.9(3),202,83,Bi,$^{202}_{83}Bi$
83 Bi 203,0,11.8 h,9/2-,+4.017(13),203,83,Bi,$^{203}_{83}Bi$
83 Bi 204,0,11.22 h,6+,+4.322(15),204,83,Bi,$^{204}_{83}Bi$
83 Bi 205,0,15.3 d,9/2-,+4.605(7),205,83,Bi,$^{205}_{83}Bi$
83 Bi 206,0,6.243 d,6+,+4.361(8),206,83,Bi,$^{206}_{83}Bi$
83 Bi 207,0,32.2 y,9/2-,4.081(9),207,83,Bi,$^{207}_{83}Bi$
83 Bi 208,0,3.7x10*5 y,5+,+4.633(10),208,83,Bi,$^{208}_{83}Bi$
83 Bi 209,0,stable,9/2-,+4.1103(5) d,209,83,Bi,$^{209}_{83}Bi$
83 Bi 210,0,5.01 d,1-,-0.04451(6),210,83,Bi,$^{210}_{83}Bi$
83 Bi 211,405,315 ps,7/2-,+4.5(7),211,83,Bi,$^{211}_{83}Bi$
83 Bi 212,0,60.6 m,1(-),0.41(5),212,83,Bi,$^{212}_{83}Bi$
83 Bi 213,0,45.6 m,9/2-,3.89(9),213,83,Bi,$^{213}_{83}Bi$
84 Po 198,1854,29 ns,8+,+7.3(2),198,84,Po,$^{198}_{84}Po$
84 Po 199,310,4.2 m,13/2+,0.99(7),199,84,Po,$^{199}_{84}Po$
84 Po 200,1774,61 ns,8+,+7.44(16),200,84,Po,$^{200}_{84}Po$
84 Po 201,0,15.3 m,3/2-,0.94(8),201,84,Po,$^{201}_{84}Po$
84 Po 202,1712,110 ns,8+,7.45(12),202,84,Po,$^{202}_{84}Po$
84 Po 203,0,36.7 m,5/2-,0.74(6),203,84,Po,$^{203}_{84}Po$
84 Po 204,1639,158 ns,8+,+7.38(10),204,84,Po,$^{204}_{84}Po$
84 Po 205,0,1.66 h,5/2-,+0.76(6),205,84,Po,$^{205}_{84}Po$
84 Po 206,1586,212 ns,8+,+7.34(7),206,84,Po,$^{206}_{84}Po$
84 Po 207,0,5.79 h,5/2-,+0.79(6),207,84,Po,$^{207}_{84}Po$
84 Po 208,1524,4.3 ns,6+,+5.3(6),208,84,Po,$^{208}_{84}Po$
84 Po 209,0,102 y,1/2-,0.68(8),209,84,Po,$^{209}_{84}Po$
84 Po 210,1473,43 ns,6+,5.48(5),210,84,Po,$^{210}_{84}Po$
84 Po 211,1065,16 ns,15/2-,-0.38(15),211,84,Po,$^{211}_{84}Po$
85 At 207,2117,108 ns,25/2+,+3.75(13),207,85,At,$^{207}_{85}At$
85 At 208,1090,48 ns,10-,+2.69(3),208,85,At,$^{208}_{85}At$
85 At 209,1428,26 ns,21/2-,+10.0(2),209,85,At,$^{209}_{85}At$
85 At 210,1363,28.4 ns,11+,+9.8(3),210,85,At,$^{210}_{85}At$
85 At 211,1417,35.1 ns,21/2-,+9.56(9),211,85,At,$^{211}_{85}At$
85 At 212,888,19.4 ns,11+,5.94(11),212,85,At,$^{212}_{85}At$
85 At 217,0,32 ms,9/2-,3.8(2),217,85,At,$^{217}_{85}At$
86 Rn 203,361,28 s,(13/2+),-0.960(11),203,86,Rn,$^{203}_{86}Rn$
86 Rn 205,0,2.83 m,5/2-,+0.802(9),205,86,Rn,$^{205}_{86}Rn$
86 Rn 206,1922,13.5 ns,8+,6.6(4),206,86,Rn,$^{206}_{86}Rn$
86 Rn 207,0,9.3 m,5/2-,+0.816(9),207,86,Rn,$^{207}_{86}Rn$
86 Rn 208,1826,490 ns,8+,6.98(8),208,86,Rn,$^{208}_{86}Rn$
86 Rn 209,0,29 m,5/2-,(+)0.8388(4),209,86,Rn,$^{209}_{86}Rn$
86 Rn 210,1665+x,644 ns,(8+),7.18(6),210,86,Rn,$^{210}_{86}Rn$
86 Rn 211,0,14.6 h,1/2-,+0.601(7),211,86,Rn,$^{211}_{86}Rn$
86 Rn 212,1502,8.8 ns,4+,4.0(2),212,86,Rn,$^{212}_{86}Rn$
86 Rn 213,1664,29 ns,21/2+,4.73(11),213,86,Rn,$^{213}_{86}Rn$
86 Rn 219,0,3.96 s,5/2+,-0.442(5),219,86,Rn,$^{219}_{86}Rn$
86 Rn 221,0,25 m,(7/2+),-0.020(1),221,86,Rn,$^{221}_{86}Rn$
86 Rn 222,186,0.32 ns,2+,+0.92(14),222,86,Rn,$^{222}_{86}Rn$
86 Rn 223,0,23.2 m,7/2,-0.776(8),223,86,Rn,$^{223}_{86}Rn$
86 Rn 225,0,4.5 m,7/2-,-0.696(8),225,86,Rn,$^{225}_{86}Rn$
87 Fr 207,0,14.8 s,9/2-,+3.89(8),207,87,Fr,$^{207}_{87}Fr$
87 Fr 208,0,58.6 s,7+,+4.75(10),208,87,Fr,$^{208}_{87}Fr$
87 Fr 209,0,50 s,9/2-,+3.95(8),209,87,Fr,$^{209}_{87}Fr$
87 Fr 210,0,3.2 m,6+,+4.40(9),210,87,Fr,$^{210}_{87}Fr$
87 Fr 211,0,3.1 m,9/2-,+4.00(8),211,87,Fr,$^{211}_{87}Fr$
87 Fr 212,0,19.3 m,5+,+4.62(9),212,87,Fr,$^{212}_{87}Fr$
87 Fr 213,0,34.7 s,9/2-,+4.02(8),213,87,Fr,$^{213}_{87}Fr$
87 Fr 214,640,103 ns,11+,"+5.62(7) K, d",214,87,Fr,$^{214}_{87}Fr$
87 Fr 215,1500+/-75,4 ns,(21/2)+/-1,g=0.33(10),215,87,Fr,$^{215}_{87}Fr$
87 Fr 220,0,27.4 s,1+,-0.67(1),220,87,Fr,$^{220}_{87}Fr$
87 Fr 221,0,4.8 m,5/2-,+1.58(3),221,87,Fr,$^{221}_{87}Fr$
87 Fr 222,0,14.2 m,2-,+0.63(1),222,87,Fr,$^{222}_{87}Fr$
87 Fr 223,0,21.8 m,3/2(-),+1.17(2),223,87,Fr,$^{223}_{87}Fr$
87 Fr 224,0,3.3 m,1(-),+0.40(1),224,87,Fr,$^{224}_{87}Fr$
87 Fr 225,0,3.9 m,3/2-,+1.07(2),225,87,Fr,$^{225}_{87}Fr$
87 Fr 226,0,48 s,1,+0.0712(14),226,87,Fr,$^{226}_{87}Fr$
87 Fr 227,0,2.4 m,1/2+,+1.50(3),227,87,Fr,$^{227}_{87}Fr$
87 Fr 228,0,39 s,2-,-0.76(2),228,87,Fr,$^{228}_{87}Fr$
88 Ra 209,0,4.7 s,5/2-,+0.865(13),209,88,Ra,$^{209}_{88}Ra$
88 Ra 211,0,13s,5/2-,+0.878(4),211,88,Ra,$^{211}_{88}Ra$
88 Ra 212,1958,10.9 μs,8+,7.10(7),212,88,Ra,$^{212}_{88}Ra$
88 Ra 213,0,2.7 m,1/2-,+0.613(2),213,88,Ra,$^{213}_{88}Ra$
88 Ra 214,1865,67μs,8+,7.08(3),214,88,Ra,$^{214}_{88}Ra$
88 Ra 215,3738,0.59 μs,(43/2-),15.78 (15),215,88,Ra,$^{215}_{88}Ra$
88 Ra 216,1508,0.5 ns,6+,g(avge) = 0.1(3),216,88,Ra,$^{216}_{88}Ra$
88 Ra 221,0,30 s,5/2-,-0.180(2),221,88,Ra,$^{221}_{88}Ra$
88 Ra 223,0,11.44 d,3/2+,+0.271(2),223,88,Ra,$^{223}_{88}Ra$
88 Ra 224,84,0.74 ns,2+,+0.9(2),224,88,Ra,$^{224}_{88}Ra$
88 Ra 225,0,14.8 d,1/2-,-0.7338(15),225,88,Ra,$^{225}_{88}Ra$
88 Ra 227,0,42.2 m,3/2+,-0.404(2),227,88,Ra,$^{227}_{88}Ra$
88 Ra 229,0,4.0 m,5/2(+),+0.503(3),229,88,Ra,$^{229}_{88}Ra$
89 Ac 215,1621,30 ns,17/2-,7.82(16),215,89,Ac,$^{215}_{89}Ac$
89 Ac 217,0,69 ns,9/2-,+3.83(5),217,89,Ac,$^{217}_{89}Ac$
89 Ac 227,0,21.77 y,3/2-,+1.1(1),227,89,Ac,$^{227}_{89}Ac$
90 Th 229,0,7340 y,5/2+,+0.46(4),229,90,Th,$^{229}_{90}Th$
90 Th 232,gsband,,,g(18-24)>g(10-16),232,90,Th,$^{232}_{90}Th$
91 Pa 228,0,22 h,(3+),3.5(5),228,91,Pa,$^{228}_{91}Pa$
91 Pa 230,0,17.4 d,(2-),2.0(2),230,91,Pa,$^{230}_{91}Pa$
91 Pa 231,0,3.3x10*4y,(2-),2.01(2),231,91,Pa,$^{231}_{91}Pa$
91 Pa 233,0,27.0 d,3/2-,4.0(7),233,91,Pa,$^{233}_{91}Pa$
92 U 233,0,1.6x10*5y,5/2+,μ/μ(235U),233,92,U,$^{233}_{92}U$
92 U 235,0,7.0x10*8y,7/2-,-0.38(3),235,92,U,$^{235}_{92}U$
92 U 238,gsband,,,g(18-24)>g(10-16),238,92,U,$^{238}_{92}U$
93 Np 237,0,2.1x10*6y,5/2+,+3.14(4),237,93,Np,$^{237}_{93}Np$
93 Np 239,75,1.40 ns,5/2-,+2.0(3),239,93,Np,$^{239}_{93}Np$
94 Pu 237,~2300,85 ns,(3/2),-0.68(5),237,94,Pu,$^{237}_{94}Pu$
94 Pu 239,0,2.4x10*4y,1/2+,+0.203(4),239,94,Pu,$^{239}_{94}Pu$
94 Pu 241,0,14.4 y,5/2+,-0.683(15),241,94,Pu,$^{241}_{94}Pu$
95 Am 239,~2500,163 ns,(7/2+),(+)2.6(2),239,95,Am,$^{239}_{95}Am$
95 Am 241,0,432.7 y,5/2-,+1.58(1),241,95,Am,$^{241}_{95}Am$
95 Am 242,0,16.0 h,1-,+0.3879(15),242,95,Am,$^{242}_{95}Am$
95 Am 243,0,7370 y,5/2-,μ/μ(241Am) = 0.951(7),243,95,Am,$^{243}_{95}Am$
96 Cm 243,0,28.5 y,5/2+,0.40(8),243,96,Cm,$^{243}_{96}Cm$
96 Cm 245,0,8500 y,7/2+,0.5(1),245,96,Cm,$^{245}_{96}Cm$
96 Cm 247,0,1.6x10*7y,9/2-,0.36(7),247,96,Cm,$^{247}_{96}Cm$
97 Bk 249,0,320 d,7/2+,2.0(4),249,97,Bk,$^{249}_{97}Bk$
99 Es 253,0,20.4 d,7/2+,+4.10(7),253,99,Es,$^{253}_{99}Es$
99 Es 254,78,39.3 h,2+,2.90(7),254,99,Es,$^{254}_{99}Es$
