latex,ex,t1_2,i,m_nm,z
$^{1}_{0}n$,0,10.6 m,1/2+,-1.9130427(5) d,0
$^{1}_{1}H$,0,stable,1/2+,+2.79284734(3) d,1
$^{2}_{1}H$,0,stable,1+,+0.857438228(9) d,1
$^{3}_{1}H$,0,12.33 y,1/2+,+2.97896244(4),1
$^{3}_{2}He$,0,stable,1/2+,-2.12749772(3),2
$^{6}_{3}Li$,0,stable,1+,+0.8220473(6),3
$^{7}_{3}Li$,0,stable,3/2-,+3.256427(2),3
$^{8}_{3}Li$,0,842 ms,2+,+1.65340(2),3
$^{9}_{3}Li$,0,178 ms,3/2-,3.4391(6),3
$^{11}_{3}Li$,0,7.7 ms,3/2-,3.668(3),3
$^{9}_{4}Be$,0,stable,3/2-,-1.1778(9),4
$^{8}_{5}B$,0,0.77 s,2+,1.0355(3),5
$^{10}_{5}B$,0,stable,3+,+1.80064478(6),5
$^{11}_{5}B$,0,stable,3/2-,+2.6886489(10),5
$^{12}_{5}B$,0,20.4 ms,1+,+1.00272(11),5
$^{13}_{5}B$,0,17.4 ms,3/2-,+3.1778(5),5
$^{14}_{5}B$,0,13.8 ms,2-,1.185(5),5
$^{15}_{5}B$,0,10.3 ms,3/2-,2.659(15),5
$^{17}_{5}B$,0,5.1 ms,(3/2-),2.55(2),5
$^{9}_{6}C$,0,126 ms,3/2-,1.3914(5),6
$^{11}_{6}C$,0,20.4 m,3/2-,-0.964(1),6
$^{12}_{6}C$,4438,45 fs,2+,NA,6
$^{13}_{6}C$,0,stable,1/2-,+0.7024118(14),6
$^{14}_{6}C$,6728,67 ps,3-,0.82(2),6
$^{15}_{6}C$,0,2.45 s,1/2+,1.32(7),6
$^{12}_{7}N$,0,11.0 ms,1+,0.4573(5),7
$^{13}_{7}N$,0,9.96 m,1/2-,0.3222(4) r,7
$^{14}_{7}N$,0,stable,1+,+0.40376100(6),7
$^{15}_{7}N$,0,stable,1/2-,-0.28318884(5),7
$^{16}_{7}N$,293,91.3 ps,3-,1.60(6),7
$^{17}_{7}N$,0,4.17 s,1/2-,0.352(2),7
$^{13}_{8}O$,0,8..6 ms,3/2-,"1.3891(3) d, K",8
$^{15}_{8}O$,0,122 s,1/2-,0.71951(12) c,8
$^{16}_{8}O$,6130,18.4 ps,3-,+1.668(12),8
$^{17}_{8}O$,0,stable,5/2+,-1.89379(9),8
$^{18}_{8}O$,1982,2.07 ps,2+,-0.57(3),8
$^{19}_{8}O$,0,27 s,5/2+,1.53195(7) c,8
$^{20}_{8}O$,1674,7.4 ps,2+,0.70(3),8
$^{17}_{9}F$,0,64.5 s,5/2+,+4.7213(3),9
$^{18}_{9}F$,937,47 ps,3+,+1.6(2),9
$^{19}_{9}F$,0,stable,1/2+,+2.628868(8),9
$^{20}_{9}F$,0,11 s,2+,+2.09335(9),9
$^{21}_{9}F$,0,4.16 s,5/2+,3.93(5),9
$^{19}_{10}Ne$,0,17.3 s,1/2+,-1.88542(8),10
$^{20}_{10}Ne$,1634,0.7 ps,2+,+1.08(8),10
$^{21}_{10}Ne$,0,stable,3/2+,-0.661797(5),10
$^{22}_{10}Ne$,1275,3.6 ps,2+,+0.65(2),10
$^{23}_{10}Ne$,0,37.6 s,5/2+,-1.08(1),10
$^{20}_{11}Na$,0,0.446 s,2+,+0.3694(2),11
$^{21}_{11}Na$,0,22.5 s,3/2+,+2.83630(10),11
$^{22}_{11}Na$,0,2.60 y,3+,+1.746(3),11
$^{23}_{11}Na$,0,stable,3/2+,+2.217522(2),11
$^{24}_{11}Na$,0,15.0 h,4+,+1.6903(8),11
$^{25}_{11}Na$,0,60 s,5/2+,+3.683(4),11
$^{26}_{11}Na$,0,1.07 s,3+,+2.851(2),11
$^{27}_{11}Na$,0,0.29 s,5/2+,+3.895(5),11
$^{28}_{11}Na$,0,30.5 ms,1+,+2.426(5),11
$^{29}_{11}Na$,0,43 ms,(3/2),+2.449(8),11
$^{30}_{11}Na$,0,53 ms,(2),+2.083(10),11
$^{31}_{11}Na$,0,17 ms,(3/2),+2.305(8),11
$^{23}_{12}Mg$,0,11.3 s,3/2+,0.5364(3),12
$^{24}_{12}Mg$,1369,1.45 ps,2+,+1.02(4),12
$^{24}_{12}Mg$,1369,1.44 ps,2+,NA,12
$^{25}_{12}Mg$,0,stable,5/2+,-0.85545(8),12
$^{26}_{12}Mg$,1809,476 fs,2+,+1.0(3),12
$^{25}_{13}Al$,0,7.18 s,5/2+,3.6455(12),13
$^{26}_{13}Al$,0,7x10*5 y,5+,+2.804(4),13
$^{27}_{13}Al$,0,stable,5/2+,+3.6415069(7),13
$^{28}_{13}Al$,0,2.24 m,3+,3.242(5),13
$^{27}_{14}Si$,0,4.1 s,5/2+,"(-)0,8554(4)",14
$^{28}_{14}Si$,1779,0.49 ps,2+,+1.1(2),14
$^{29}_{14}Si$,0,stable,1/2+,-0.55529(3),14
$^{30}_{14}Si$,2235,0.25 ps,2+,+0.8(2),14
$^{32}_{14}Si$,1941,0.4 ps,2+,NA,14
$^{33}_{14}Si$,0,6.332 s,(3/2+),1.21(3),14
$^{29}_{15}P$,0,4.1 s,1/2+,1.2349(3),15
$^{31}_{15}P$,0,stable,1/2+,+1.13160(3),15
$^{31}_{15}P$,0,14.28 d,1+,-0.2524(3),15
$^{31}_{16}S$,0,2.6 s,1/2+,0.48793(8),16
$^{32}_{16}S$,2230,0.16 ps,2+,+0.9(2),16
$^{33}_{16}S$,0,stable,3/2+,+0.6438212(14),16
$^{34}_{16}S$,2128,0.32 ps,2+,+1.0(2),16
$^{35}_{16}S$,0,87.4 d,3/2+,+1.00(4) or +1.07(4),16
$^{33}_{17}Cl$,0,2.52 s,3/2+,+0.752(2),17
$^{35}_{17}Cl$,0,stable,3/2+,+0.8218743(4),17
$^{36}_{17}Cl$,0,3.0x105 y,2+,+1.28547(5),17
$^{37}_{17}Cl$,0,stable,3/2+,+0.6841236(4),17
$^{38}_{17}Cl$,0,37.3 m,2-,2.05(2),17
$^{33}_{18}Ar$,0,0.174 s,1/2+,-0.723(6),18
$^{35}_{18}Ar$,0,1.78s,3/2+,+0.633(7),18
$^{36}_{18}Ar$,1970,0.28 ps,2+,NA,18
$^{37}_{18}Ar$,0,35.0 d,3/2+,+0.8(3),18
$^{39}_{18}Ar$,0,269 y,7/2-,-1.588(15),18
$^{40}_{18}Ar$,1461,1.12 ps,2+,-0.2(2),18
$^{36}_{19}K$,0,0.34 s,2+,(+)0.548(1),19
$^{37}_{19}K$,0,1.23 s,3/2+,+0.20321(6),19
$^{38}_{19}K$,0,7.61 m,3+,+1.371(6),19
$^{39}_{19}K$,0,stable,3/2+,+0.39147(3),19
$^{40}_{19}K$,0,1.28 x 109 y,4-,-1.298100(3),19
$^{41}_{19}K$,0,stable,3/2+,+0.2148701(2),19
$^{42}_{19}K$,0,12.36 h,2-,-1.1425(6),19
$^{43}_{19}K$,0,22.3 h,3/2+,+0.1633(8),19
$^{44}_{19}K$,0,22.1 m,2-,-0.856(4),19
$^{45}_{19}K$,0,20 m,3/2+,+0.1734(8),19
$^{46}_{19}K$,0,115 s,2-,-1.051(6),19
$^{47}_{19}K$,0,17.5 s,1/2+,+1.933(9),19
$^{39}_{20}Ca$,0,0.86 s,3/2+,1.02168(12),20
$^{40}_{20}Ca$,3737,47 ps,3-,+1.6(3),20
$^{41}_{20}Ca$,0,1.0x105 y,7/2-,-1.594781(9),20
$^{42}_{20}Ca$,1525,0.82 ps,2+,NA,20
$^{43}_{20}Ca$,0,stable,7/2-,-1.3173(6),20
$^{44}_{20}Ca$,1157,2.9 ps,2+,-0.6(2),20
$^{45}_{20}Ca$,0,165 d,7/2-,-1.3274(14),20
$^{47}_{20}Ca$,0,4.5 d,7/2-,-1.38(3),20
$^{41}_{21}Sc$,0,0.59 s,7/2-,+5.431(2) d,21
$^{43}_{21}Sc$,0,3.89 h,7/2-,+4.62(4),21
$^{44}_{21}Sc$,0,3.93 h,2+,+2.56(3),21
$^{45}_{21}Sc$,0,stable,7/2-,+4.756487(2),21
$^{46}_{21}Sc$,0,83.81 d,4+,+3.03(2),21
$^{47}_{21}Sc$,0,3.42 d,7/2-,+5.34(2),21
$^{43}_{22}Ti$,0,0.50 s,7/2-,0.85(2),22
$^{45}_{22}Ti$,0,3.09 h,7/2-,0.095(2),22
$^{46}_{22}Ti$,889,5.36 ps,2+,+1.0(3),22
$^{47}_{22}Ti$,0,stable,5/2-,-0.78848(1),22
$^{48}_{22}Ti$,984,4.29 ps,2+,+0.9(4),22
$^{49}_{22}Ti$,0,stable,7/2-,-1.10417(1),22
$^{50}_{22}Ti$,1554,0.97 ps,2+,2.7(8),22
$^{46}_{23}V$,802,1.02 ms,3+,+1.64(3),23
$^{48}_{23}V$,0,15.94 d,4+,2.012 (11),23
$^{49}_{23}V$,0,330 d,7/2-,4.47(5),23
$^{50}_{23}V$,0,1.5x1017 y,6+,+3.3456889(14),23
$^{51}_{23}V$,0,stable,7/2-,+5.1487057(2),23
$^{49}_{24}Cr$,0,41.9 m,5/2-,0.476(3),24
$^{50}_{24}Cr$,783,9.2 ps,2+,+1.2(2),24
$^{51}_{24}Cr$,0,27.7 d,7/2-,(-)0.934(5),24
$^{52}_{24}Cr$,1434,0.707 ps,2+,+3.0(5),24
$^{53}_{24}Cr$,0,stable,3/2-,-0.47454(3),24
$^{54}_{24}Cr$,835,8.0 ps,2+,+1.1(2),24
$^{51}_{25}Mn$,0,stable,5/2-,3.5683(13),25
$^{52}_{25}Mn$,0,5.80 d,6+,+3.0622(12),25
$^{53}_{25}Mn$,0,3.7x106 y,7/2-,5.024(7),25
$^{54}_{25}Mn$,0,312 d,3+,+3.2819(13),25
$^{55}_{25}Mn$,0,stable,5/2-,3.4532(13),25
$^{56}_{25}Mn$,0,2.58 h,3+,+3.2266(2),25
$^{53}_{26}Fe$,741,64 ns,3/2-,-0.386(15),26
$^{54}_{26}Fe$,1408,0.97 ps,2+,+3.4(8),26
$^{55}_{26}Fe$,931,8.3 ps,5/2-,+2.7(12),26
$^{56}_{26}Fe$,847,6.9 ps,2+,1.22(16),26
$^{57}_{26}Fe$,0,stable,1/2-,+0.09044(7),26
$^{58}_{26}Fe$,811,6.7 ps,2+,+0.9(3),26
$^{59}_{26}Fe$,0,44.6 d,3/2-,-0.3358(4),26
$^{55}_{27}Co$,0,17.5 h,7/2-,+4.822(3),27
$^{56}_{27}Co$,0,78.8 d,4+,3.85(1),27
$^{57}_{27}Co$,0,271 d,7/2-,+4.720(10),27
$^{58}_{27}Co$,0,70.8 d,2+,+4.044(8),27
$^{59}_{27}Co$,0,stable,7/2-,+4.627(9),27
$^{60}_{27}Co$,0,5.271 y,5+,+3.799(8),27
$^{57}_{28}Ni$,0,36 h,3/2-,-0.7975(14),28
$^{58}_{28}Ni$,1454,0.644 ps,2+,-0.1(3),28
$^{59}_{28}Ni$,339,83 ps,5/2-,+0.35(15),28
$^{60}_{28}Ni$,1332,0.713 ps,2+,+0.2(3),28
$^{61}_{28}Ni$,0,stable,3/2-,-0.75002(4),28
$^{62}_{28}Ni$,1173,1.43 ps,2+,+0.68(14),28
$^{63}_{28}Ni$,87,1.72 μs,5/2-,+0.752(3),28
$^{64}_{28}Ni$,1346,0.85 ps,2+,+0.9(3),28
$^{65}_{28}Ni$,0,2.520 h,5/2-,0.69(6),28
$^{60}_{29}Cu$,0,23.4 m,2+,+1.219(3),29
$^{61}_{29}Cu$,0,3.41 h,3/2-,+2.14(4),29
$^{62}_{29}Cu$,0,9.73 m,1+,-0.380(4),29
$^{63}_{29}Cu$,0,stable,3/2-,2.227206(3),29
$^{64}_{29}Cu$,0,12.7 h,1+,-0.217(2),29
$^{65}_{29}Cu$,0,stable,3/2-,+2.3817(3),29
$^{66}_{29}Cu$,0,5.1 m,1+,-0.282(2),29
$^{63}_{30}Zn$,0,38.1 m,3/2-,-0.28164(5),30
$^{64}_{30}Zn$,992,1.75 ps,2+,+0.8(2),30
$^{65}_{30}Zn$,0,244.1 d,5/2-,+0.7690(2),30
$^{66}_{30}Zn$,1039,1.56 ps,2+,+0.5(2),30
$^{67}_{30}Zn$,0,stable,5/2-,+0.875479(9),30
$^{68}_{30}Zn$,1077,0.9 ps,2+,+1.0(2),30
$^{69}_{30}Zn$,439,13.72 h,9/2+,1.157(2),30
$^{70}_{30}Zn$,885,3.2 ps,2+,+0.60(14),30
$^{71}_{30}Zn$,158,3.94 h,9/2+,1.052(6),30
$^{66}_{31}Ga$,66,23 ns,2+,1.01(2),31
$^{67}_{31}Ga$,0,78.3 h,3/2-,+1.8507(3),31
$^{68}_{31}Ga$,0,68.1 m,1+,0.01175(5),31
$^{69}_{31}Ga$,0,stable,3/2-,+2.01659(5),31
$^{70}_{31}Ga$,879,22.7 ns,4-,-0.26(10),31
$^{71}_{31}Ga$,0,stable,3/2-,+2.56227(2),31
$^{72}_{31}Ga$,0,14.1 h,3-,-0.13224(2),31
$^{67}_{32}Ge$,752,111 ns,9/2+,-0.849(12),32
$^{68}_{32}Ge$,3696,0.48 ps,6+,+2.4#,32
$^{69}_{32}Ge$,0,39.0 h,5/2-,0.735(7),32
$^{70}_{32}Ge$,1039,1.32 ps,2+,+0.94(5),32
$^{71}_{32}Ge$,0,11.2 d,1/2-,+0.547(5),32
$^{72}_{32}Ge$,834,3.29 ps,2+,+0.80(7),32
$^{73}_{32}Ge$,0,stable,9/2+,-0.8794677(2),32
$^{74}_{32}Ge$,596,12.5 ps,2+,+0.87(4),32
$^{75}_{32}Ge$,0,82.8 m,1/2-,+0.510(5),32
$^{76}_{32}Ge$,563,18.6 ps,2+,+0.84(5),32
$^{68}_{33}As$,2159,37 ns,"(7,8)-",|g|=0.23(2),33
$^{69}_{33}As$,0,15.2 m,5/2-,+1.58(16),33
$^{70}_{33}As$,0,53 m,4+,+2.1061(2),33
$^{71}_{33}As$,0,65.3 h,5/2-,(+)1.674(2),33
$^{72}_{33}As$,0,26 h,2-,-2.1566(3),33
$^{73}_{33}As$,66,5.0 ns,5/2-,+1.63(10),33
$^{74}_{33}As$,0,17.8 d,2-,-1.597(3),33
$^{75}_{33}As$,0,stable,3/2-,+1.43948(7),33
$^{76}_{33}As$,0,26.3 h,2-,-0.906(5),33
$^{77}_{33}As$,264,304 ps,5/2-,+0.74(2),33
$^{73}_{34}Se$,0,7.1 h,9/2+,0.87(5),34
$^{74}_{34}Se$,635,7.08 ps,2+,NA,34
$^{75}_{34}Se$,0,118.5 d,5/2+,0.67(4),34
$^{76}_{34}Se$,559,11.1 ps,2+,+0.8(2),34
$^{77}_{34}Se$,0,stable,1/2-,+0.5350422(6),34
$^{78}_{34}Se$,614,8.6 ps,2+,+0.8(2),34
$^{79}_{34}Se$,0,<6.5x104 y,7/2+,-1.018(15),34
$^{80}_{34}Se$,666,8.0 ps,2+,+0.8(3),34
$^{82}_{34}Se$,654,11.3 ps,2+,+0.9(3),34
$^{72}_{35}Br$,0,79 s,(3+),0.60(10),35
$^{73}_{35}Br$,241,34.7 ns,3/2-,1.97(13),35
$^{74}_{35}Br$,14,46 m,4(+),1.68(18),35
$^{75}_{35}Br$,0,97 m,3/2-,0.76(18),35
$^{76}_{35}Br$,0,16.1 h,1-,0.54821(2),35
$^{77}_{35}Br$,0,57 h,3/2-,0.92(5),35
$^{78}_{35}Br$,0,6.46 m,1+,0.13(3),35
$^{79}_{35}Br$,0,stable,3/2-,+2.106400(4),35
$^{80}_{35}Br$,0,17.6 m,1+,0.5140(6),35
$^{81}_{35}Br$,0,stable,3/2-,+2.270562(4),35
$^{82}_{35}Br$,0,35.3 h,5-,+1.6270(5),35
$^{84}_{35}Br$,0,31.8 m,2-,1.9(7),35
$^{75}_{36}Kr$,0,4.3 m,5/2+,-0.531(4) d,36
$^{77}_{36}Kr$,0,74.4 m,5/2+,-0.583(3) d,36
$^{78}_{36}Kr$,455,22 ps,2+,+1.08(10),36
$^{79}_{36}Kr$,0,35.04 h,1/2-,+0.536(2) d,36
$^{81}_{36}Kr$,0,2.3 x 10*5 y,7/2+,-0.908(2) d,36
$^{83}_{36}Kr$,0,stable,9/2+,-0.970669(3),36
$^{84}_{36}Kr$,3236,1.84 μs,8+,-1.97(2),36
$^{85}_{36}Kr$,0,10.76 y,9/2+,-1.005(2) d,36
$^{87}_{36}Kr$,0,76.3 m,5/2+,-1.018(5),36
$^{89}_{36}Kr$,0,3.15 m,3/2+,-0.330(3) d,36
$^{91}_{36}Kr$,0,8.57 s,5/2+,-0.583(2) d,36
$^{93}_{36}Kr$,0,1.286 s,1/2+,-0.413(2) d,36
$^{95}_{36}Kr$,0,0.78 s,1/2+,-0.410(3) d,36
$^{76}_{37}Rb$,0,39 s,1(-),-0.3726228(14),37
$^{77}_{37}Rb$,0,3.8 m,3/2-,+0.6544680(16),37
$^{78}_{37}Rb$,103,6.3 m,4-,+2.549(2),37
$^{79}_{37}Rb$,0,23 m,5/2+,+3.3579(12),37
$^{79}_{37}Rb$,97,18.6 ns,9/2+,+5.03(7),37
$^{80}_{37}Rb$,0,30 s,1+,-0.0836(6),37
$^{81}_{37}Rb$,0,4.58 h,3/2-,+2.0595(14),37
$^{82}_{37}Rb$,0,1.25 m,1+,+0.5545083(11),37
$^{83}_{37}Rb$,0,86.2 d,5/2-,+1.4249(8),37
$^{84}_{37}Rb$,0,33 d,2-,-1.324116(2),37
$^{85}_{37}Rb$,0,stable,5/2-,+1.35298(10),37
$^{86}_{37}Rb$,0,18.65 d,2-,-1.6920(14),37
$^{87}_{37}Rb$,0,4.9 10*10y,3/2-,+2.75131(12),37
$^{88}_{37}Rb$,0,17.7 m,2-,0.508(5),37
$^{89}_{37}Rb$,0,15.2 m,3/2-,+2.3836(7),37
$^{90}_{37}Rb$,107,4.26 m,3-,+1.6160(6),37
$^{91}_{37}Rb$,0,58 s,3/2(-),+2.1815(15),37
$^{93}_{37}Rb$,0,5.85 s,5/2-,+1.410(2),37
$^{94}_{37}Rb$,0,2.73 s,3(-),+1.498(2),37
$^{95}_{37}Rb$,0,0.38 s,5/2-,+1.334(3),37
$^{96}_{37}Rb$,0,0.20 s,2+,+1.466(2),37
$^{97}_{37}Rb$,0,0.17 s,3/2-,+1.841(2),37
$^{77}_{38}Sr$,0,9 s,5/2+,-0.348(4),38
$^{79}_{38}Sr$,0,2.25 m,(3/2-),-0.474(4),38
$^{81}_{38}Sr$,0,22.3 m,1/2-,+0.543(4),38
$^{82}_{38}Sr$,2817,3.0 ps,5-,+2(2),38
$^{83}_{38}Sr$,0,32.4 h,7/2+,-0.829(2),38
$^{84}_{38}Sr$,793,3.2 ps,2+,+0.84(9),38
$^{85}_{38}Sr$,0,64.8 d,9/2+,-1.000(2),38
$^{86}_{38}Sr$,1077,1.46 ps,2+,+0.55(10),38
$^{87}_{38}Sr$,0,stable,9/2+,-1.0928(7),38
$^{88}_{38}Sr$,1836,0.152 ps,2+,+2.3(3),38
$^{89}_{38}Sr$,0,50.5 d,5/2+,-1.147(2),38
$^{91}_{38}Sr$,0,9.5 h,5/2+,-0.885(2),38
$^{93}_{38}Sr$,0,7.4 m,5/2+,-0.793(2),38
$^{95}_{38}Sr$,0,10.3 m,1/2-,-0.537(2),38
$^{97}_{38}Sr$,0,0.40 s,1/2-,-0.498(2),38
$^{98}_{38}Sr$,144,2.8 ns,2+,0.76(14),38
$^{99}_{38}Sr$,0,0.269 s,3/2+,-0.261(5),38
$^{83}_{39}Y$,145,171 ps,7/2+,+2.1(6),39
$^{85}_{39}Y$,20,4.9 h,9/2+,6.2(5),39
$^{86}_{39}Y$,0,14.5 h,4-,<0.6,39
$^{87}_{39}Y$,381,12.7 h,9/2+,6.06(7),39
$^{88}_{39}Y$,675,14 ms,8+,+4.87(5),39
$^{89}_{39}Y$,0,stable,1/2-,-0.1374154(3),39
$^{90}_{39}Y$,0,64.1 h,2-,-1.630(8),39
$^{91}_{39}Y$,0,58.5 d,1/2-,0.1641(8),39
$^{86}_{40}Zr$,_,_,5-/7-/9-,avge g = +0.5(2),40
$^{88}_{40}Zr$,2889,1.32 μs,8+,-1.81(2),40
$^{89}_{40}Zr$,0,78.4 h,9/2+,-1.08(2),40
$^{90}_{40}Zr$,2319,0.8 s,5-,6.25(13),40
$^{91}_{40}Zr$,0,stable,5/2+,-1.30362(2),40
$^{92}_{40}Zr$,934,4.85 ps,2+,-0.06(10),40
$^{94}_{40}Zr$,918,7.3 ps,2+,-0.52(12),40
$^{95}_{40}Zr$,0,64.0 d,5/2+,1.13(2),40
$^{97}_{40}Zr$,1264,102 ns,7/2+,+1.37(14),40
$^{99}_{40}Zr$,122,1.07 ns,3/2+,+0.42(6),40
$^{100}_{40}Zr$,213,0.61 ns,2+,0.52(12),40
$^{87}_{87}Nb$,2412,58 ps,17/2-,+7.0(9),87
$^{89}_{41}Nb$,0,2.0 h,9/2+,6.216(5),41
$^{90}_{41}Nb$,0,14.6 h,8+,4.961(4),41
$^{91}_{41}Nb$,1985,10 ns,13/2-,+9.14(13),41
$^{92}_{41}Nb$,135,10.15 d,2+,(+)6.137(4),41
$^{93}_{41}Nb$,0,stable,9/2+,+6.1705(3),41
$^{95}_{41}Nb$,0,35.2 d,9/2+,6.141(5),41
$^{96}_{41}Nb$,0,23.4 h,6+,4.976(4),41
$^{97}_{41}Nb$,0,72.1 m,9/2+,6.153(5),41
$^{88}_{42}Mo$,_,_,"6+,8+",avge g = +0.5(3),42
$^{89}_{42}Mo$,2584,9.5 ns,21/2+,+8.3(4),42
$^{90}_{42}Mo$,2594,16 ps,5-,+5.5(14),42
$^{91}_{42}Mo$,2267,47 ns,21/2+,+8.81(8),42
$^{92}_{42}Mo$,2760,190 ns,8+,+11.30(5),42
$^{93}_{42}Mo$,2425,6.85 h,21/2+,(+)9.93(8),42
$^{94}_{42}Mo$,871,2.9 ps,2+,NA,42
$^{95}_{42}Mo$,0,stable,5/2+,-0.9142(1),42
$^{96}_{42}Mo$,778,3.7 ps,2+,NA,42
$^{97}_{42}Mo$,0,stable,5/2+,-0.9335(1),42
$^{98}_{42}Mo$,787,3.5 ps,2+,+0.7(4),42
$^{99}_{42}Mo$,0,65.9 h,1/2+,0.375(3),42
$^{100}_{42}Mo$,536,10.3 ps,2+,+0.7(4),42
$^{102}_{42}Mo$,297,0.11 ns,2+,0.84(14),42
$^{104}_{42}Mo$,192,0.9 ns,2+,0.4(2),42
$^{107}_{42}Mo$,66,245 ns,_,g = -0.92(3),42
$^{92}_{43}Tc$,2002,3.2 ns,11-,+8.9(3),43
$^{93}_{43}Tc$,0,2.75 h,9/2+,6.32(6),43
$^{94}_{43}Tc$,0,293 m,7+,5.12(5),43
$^{95}_{43}Tc$,0,20.0 h,9/2+,5.94(6),43
$^{96}_{43}Tc$,0,4.28 d,7+,5.09(5),43
$^{99}_{43}Tc$,0,2.1x10*5y,9/2+,+5.6847(4),43
$^{108}_{43}Tc$,>153,100 ns,NA,g = +0.50(4),43
$^{93}_{44}Ru$,2082,2.4 μs,21/2+,+8.97(2),44
$^{94}_{44}Ru$,2498,65 ns,6+,+8.12(5),44
$^{95}_{44}Ru$,0,1.64 h,5/2+,0.861(7),44
$^{96}_{44}Ru$,833,2.7 ps,2+,NA,44
$^{97}_{44}Ru$,0,2.88 d,5/2+,(-)0.787(8),44
$^{98}_{44}Ru$,653,5.9 ps,2+,+0.8(6),44
$^{99}_{44}Ru$,0,stable,5/2+,-0.641(5),44
$^{100}_{44}Ru$,540,12 ps,2+,+1.02(13),44
$^{101}_{44}Ru$,0,stable,5/2+,-0.719(6),44
$^{102}_{44}Ru$,475,18 ps,2+,+0.74(6),44
$^{103}_{44}Ru$,0,39.4 d,3/2+,0.206(3),44
$^{104}_{44}Ru$,358,58 ps,2+,+0.82(10),44
$^{105}_{44}Ru$,0,4.44h,3/2+,(-)0.32(+8/-20),44
$^{109}_{44}Ru$,>95,780 ns,NA,g = -0.22(1),44
$^{95}_{45}Rh$,2236,19 ns,17/2-,+10.9(3),45
$^{99}_{45}Rh$,65,4.7 h,9/2+,5.62(6),45
$^{100}_{45}Rh$,75,215 ns,2+,+4.324(8),45
$^{101}_{45}Rh$,157,4.34 d,9/2+,5.43(6),45
$^{102}_{45}Rh$,0,206 d,2-,0.5(4),45
$^{103}_{45}Rh$,0,stable,1/2-,-0.8840(2),45
$^{104}_{45}Rh$,215.5 + x,47 ns,6-,+2.00(6),45
$^{105}_{45}Rh$,0,35.4 h,7/2+,4.41(5),45
$^{106}_{45}Rh$,0,29.8 s,1+,2.575(7),45
$^{96}_{46}Pd$,2532,2.22 μs,8+,+10.97(6),46
$^{101}_{46}Pd$,0,8.5 h,5/2+,(-)0.66(2),46
$^{102}_{46}Pd$,556,11.3 ps,2+,+0.82(8),46
$^{103}_{46}Pd$,785,25 ns,11/2-,-1.05(6),46
$^{104}_{46}Pd$,556,9.7 ps,2+,+0.92(8),46
$^{105}_{46}Pd$,0,stable,5/2+,-0.642(3),46
$^{108}_{46}Pd$,434,23 ps,2+,+0.72(6),46
$^{110}_{46}Pd$,374,46 ps,2+,+0.62(6),46
$^{101}_{47}Ag$,0,11.4 m,9/2+,5.7(4),47
$^{102}_{47}Ag$,0,13 m,5+,4.6(7),47
$^{103}_{47}Ag$,0,1.10 h,7/2+,+4.47(5),47
$^{104}_{47}Ag$,0,69 m,5+,3.917(8),47
$^{105}_{47}Ag$,0,41.3 d,1/2-,0.1014(10),47
$^{106}_{47}Ag$,0,24 m,1+,+2.9(2),47
$^{107}_{47}Ag$,0,stable,1/2-,-0.11357(2),47
$^{108}_{47}Ag$,0,2.4 m,1+,2.6884(7),47
$^{109}_{47}Ag$,0,stable,1/2-,0.13056(2),47
$^{110}_{47}Ag$,0,24.4 s,1+,2.7271(8),47
$^{111}_{47}Ag$,0,7.45 d,1/2-,-0.146(2),47
$^{112}_{47}Ag$,0,3.14 h,2(-),0.0547(5),47
$^{113}_{47}Ag$,0,5.37 h,1/2-,0.159(2),47
$^{100}_{48}Cd$,2548,73 ns,8+,9.9(5),48
$^{102}_{48}Cd$,2718,56 ns,8+,10.3(2),48
$^{103}_{48}Cd$,0,7.3 m,5/2+,-0.81(3),48
$^{105}_{48}Cd$,0,56 m,5/2+,-0.7393(2),48
$^{106}_{48}Cd$,633,7.3 ps,2+,+0.8(2),48
$^{107}_{48}Cd$,0,6.50 h,5/2+,-0.6150554(11),48
$^{108}_{48}Cd$,633,6.8 ps,2+,+0.7(2),48
$^{109}_{48}Cd$,0,453 d,5/2+,-0.8278461(15),48
$^{110}_{48}Cd$,658,5.0 ps,2+,+0.57(11),48
$^{111}_{48}Cd$,0,stable,1/2+,-0.5948861(8),48
$^{112}_{48}Cd$,617,6.2 ps,2+,+0.6(2),48
$^{113}_{48}Cd$,0,9x10*15 y,1/2+,-0.6223009(9),48
$^{114}_{48}Cd$,558,9.0 ps,2+,+0.58(14),48
$^{115}_{48}Cd$,0,53.4 h,1/2+,-0.6484259(12),48
$^{116}_{48}Cd$,514,15 ps,2+,+0.60(14),48
$^{104}_{49}In$,0,1.7 m,5+,+4.44(2),49
$^{105}_{49}In$,0,5.07 m,9/2+,+5.675(5),49
$^{106}_{49}In$,0,6.2 m,7+,+4.916(7),49
$^{107}_{49}In$,0,32.4 min,9/2+,+5.585(8),49
$^{108}_{49}In$,0,58 m,7+,+4.561(3),49
$^{109}_{49}In$,0,4.2 h,9/2+,+5.538(4),49
$^{110}_{49}In$,0*,69.1 m,2+,+4.365(4),49
$^{111}_{49}In$,0,2.83 d,9/2+,+5.503(7),49
$^{112}_{49}In$,0*,14.4 m,1+,+2.82(3),49
$^{113}_{49}In$,0,stable,9/2+,+5.5289(2),49
$^{114}_{49}In$,0,71.9 s,1+,2.817(11),49
$^{115}_{49}In$,0,4.4x10*14 y,9/2+,+5.5408 (2),49
$^{116}_{49}In$,0,14.1 s,1+,2.7876(6),49
$^{117}_{49}In$,0,42 m,9/2+,+5.519(4),49
$^{118}_{49}In$,~60,4.45 m,5+,+4.231(9),49
$^{119}_{49}In$,0,2.4 m,9/2+,+5.515(10),49
$^{120}_{49}In$,(0),44.4 s,5+,+4.295(5),49
$^{121}_{49}In$,0,23.1 s,9/2+,+5.502(5),49
$^{122}_{49}In$,0+x,9.2 s,5+,+4.318(5),49
$^{123}_{49}In$,0,6.68 s,9/2+,+5.491(7),49
$^{124}_{49}In$,0,3.09 s,3+,+4.043(11),49
$^{125}_{49}In$,0,2.50 s,9/2+,+5.502(9),49
$^{126}_{49}In$,(0),1.60 s,3+,+4.034(11),49
$^{127}_{49}In$,0,1.22 s,9/2+,+5.522(8),49
$^{108}_{50}Sn$,2365,7.3 ns,6+,-0.24(12),50
$^{109}_{50}Sn$,0,18.0 m,5/2+,-1.079(6),50
$^{110}_{50}Sn$,2480,5.6 ns,6+,+0.07(3),50
$^{111}_{50}Sn$,0,35 m,7/2+,+0.608(4),50
$^{112}_{50}Sn$,1257,0.35 ps,2+,+0.7(3),50
$^{113}_{50}Sn$,0,115 d,1/2+,-0.8791(6),50
$^{114}_{50}Sn$,1300,0.28 ps,2+,>0,50
$^{115}_{50}Sn$,0,stable,1/2+,-0.91883(7),50
$^{116}_{50}Sn$,1294,0.36 ps,2+,-0.3(2),50
$^{117}_{50}Sn$,0,stable,1/2+,-1.00104(7),50
$^{118}_{50}Sn$,1230,0.46 ps,2+,+0.04(20),50
$^{119}_{50}Sn$,0,stable,1/2+,-1.04728(7),50
$^{120}_{50}Sn$,1171,0.64 ps,2+,NA,50
$^{121}_{50}Sn$,0,27.1 h,3/2+,+0.6978(10),50
$^{122}_{50}Sn$,1140,0.76 ps,2+,-0.1(2),50
$^{123}_{50}Sn$,0,129 d,11/2-,-1.3700(9),50
$^{124}_{50}Sn$,1132,0.97 ps,2+,-0.3(2),50
$^{125}_{50}Sn$,0,9.62 d,11/2-,-1.348(2),50
$^{112}_{51}Sb$,796,536 ns,8-,+2.192(8),51
$^{114}_{51}Sb$,0,3.49 m,3+,1.72(8),51
$^{115}_{51}Sb$,0,31.8 m,5/2+,+3.46(1),51
$^{116}_{51}Sb$,0,16 m,3+,2.715(9),51
$^{117}_{51}Sb$,0,2.80 h,5/2+,+3.43(6),51
$^{118}_{51}Sb$,0,3.6 m,1+,2.47(7),51
$^{119}_{51}Sb$,0,38.0 h,5/2+,+3.45(1),51
$^{120}_{51}Sb$,*0*,15.9 m,1+,2.3(2),51
$^{121}_{51}Sb$,0,stable,5/2+,+3.3634(3),51
$^{122}_{51}Sb$,0,2.68 d,2-,_1.90(2),51
$^{123}_{51}Sb$,0,stable,7/2+,+2.5498(2),51
$^{124}_{51}Sb$,0,60.2 d,3-,1.20(2),51
$^{125}_{51}Sb$,0,2.7 y,7/2+,+2.63(4),51
$^{126}_{51}Sb$,0,12.4 d,(8)-,1.28(7),51
$^{127}_{51}Sb$,0,3.84 d,7/2+,2.697(6),51
$^{128}_{51}Sb$,0,9.1 h,8-,1.3(2),51
$^{129}_{51}Sb$,0,4.4 h,7/2+,2.79(2),51
$^{131}_{51}Sb$,0,23 m,7/2+,2.89(1),51
$^{133}_{51}Sb$,0,2.5 m,7/2+,3.00(1),51
$^{115}_{52}Te$,280,7.5 μs,11/2-,-0.954(5),52
$^{117}_{52}Te$,274,19.1 ns,5/2+,-0.787(12),52
$^{119}_{52}Te$,0,16.1 h,1/2+,0.25(5),52
$^{120}_{52}Te$,560,9.3 ps,2+,+0.78(14),52
$^{121}_{52}Te$,294,154 d,11/2-,0.895(10),52
$^{122}_{52}Te$,564,7.52 ps,2+,+0.66(4),52
$^{123}_{52}Te$,0,>1x10*15 y,1/2+,-0.7369478(8),52
$^{124}_{52}Te$,603,6.25 ps,2+,+0.56(6),52
$^{125}_{52}Te$,0,stable,1/2+,-0.8885051(4),52
$^{126}_{52}Te$,666,4.41 ps,2+,+0.62(8),52
$^{127}_{52}Te$,0,9.4 h,3/2+,0.635(4),52
$^{128}_{52}Te$,743,3.2 ps,2+,+0.50(6),52
$^{129}_{52}Te$,0,69.5 m,3/2+,0.702(4),52
$^{130}_{52}Te$,840,2.3 ps,2+,+0.58(10),52
$^{131}_{52}Te$,0,25 m,3/2+,0.696(9),52
$^{132}_{52}Te$,1775,145 ns,6+,+4.7(5),52
$^{134}_{52}Te$,1691,163 ns,6+,+5.08(15),52
$^{135}_{52}Te$,1555,510 ns,19/2-,-3.8(4),52
$^{117}_{53}I$,0,2.22 m,(5/2)+,3.1(2),53
$^{118}_{53}I$,0,13.7 m,2-,2.0(2),53
$^{119}_{53}I$,0,19 m,5/2+,(+)2.9(1),53
$^{120}_{53}I$,0,1.4 h,2-,1.23(3),53
$^{121}_{53}I$,0,2.1 h,5/2-,2.3(1),53
$^{122}_{53}I$,0,3.63 m,1+,0.94(3),53
$^{123}_{53}I$,0,13.3 h,5/2+,2.818(7),53
$^{124}_{53}I$,0,4.18 d,2-,1.446(4),53
$^{125}_{53}I$,0,60.2 d,5/2+,2.821(5),53
$^{126}_{53}I$,0,13.1 d,2-,1.438(4),53
$^{127}_{53}I$,0,stable,5/2+,+2.81327(8),53
$^{128}_{53}I$,138,845 ns,4-,-0.72(3),53
$^{129}_{53}I$,0,1.6x10*7 y,7/2+,+2.6210(3),53
$^{130}_{53}I$,0,12.36 h,5+,3.349(7),53
$^{131}_{53}I$,0,8.04 d,7/2+,+2.742(1),53
$^{132}_{53}I$,0,2.28 h,4+,3.088(7),53
$^{133}_{53}I$,0,20.9 h,7/2+,+2.856(5),53
$^{117}_{54}Xe$,0,1.02 m,5/2+,-0.5938(15) d,54
$^{119}_{54}Xe$,0,58 m,5/2+,-0.6542(15) d,54
$^{121}_{54}Xe$,0,39 m,5/2+,-0.701(3) d,54
$^{123}_{54}Xe$,0,2.00 h,1/2+,-0.150(3) d,54
$^{124}_{54}Xe$,354,56 ps,2+,+0.46(4),54
$^{125}_{54}Xe$,0,17.1 h,1/2+,-0.269(3) d,54
$^{126}_{54}Xe$,389,41.2 ps,2+,+0.74(14),54
$^{127}_{54}Xe$,0,36.4 d,1/2+,-0.5033(11) d,54
$^{128}_{54}Xe$,443,21.4 ps,2+,+0.82(14),54
$^{129}_{54}Xe$,0,stable,1/2+,-0.777976(8),54
$^{130}_{54}Xe$,538,10.0 ps,2+,+0.76(14),54
$^{131}_{54}Xe$,0,stable,3/2+,+0.6915(2) d,54
$^{132}_{54}Xe$,668,4.9 ps,2+,+0.74(10),54
$^{133}_{54}Xe$,0,5.24 d,3/2+,+0.8129(5) d,54
$^{134}_{54}Xe$,847,1.9 ps,2+,1.1(2),54
$^{135}_{54}Xe$,0,9.10 h,3/2+,+0.9032(7) d,54
$^{136}_{54}Xe$,1313,0.21 ps,2+,2.4(5),54
$^{137}_{54}Xe$,0,3.82 m,7/2-,-0.968(8),54
$^{139}_{54}Xe$,0,39.7 s,3/2-,-0.304(10),54
$^{141}_{54}Xe$,0,1.73 s,5/2+,+0.010(4),54
$^{143}_{54}Xe$,0,0.30 s,5/2-,-0.4599(14),54
$^{118}_{55}Cs$,(0),14 s,2,+3.876(5),55
$^{119}_{55}Cs$,(0),36 s,9/2+,+5.46(3),55
$^{120}_{55}Cs$,0,64 s,2+,+3.87(2),55
$^{121}_{55}Cs$,0,2.27 m,3/2+,+0.770(4),55
$^{122}_{55}Cs$,(0),21 s,1+,-0.1333(9),55
$^{123}_{55}Cs$,0,5.8 m,1/2+,+1.377(7),55
$^{124}_{55}Cs$,0,30.8 s,1+,+0.673(3),55
$^{125}_{55}Cs$,0,45 m,1/2+,+1.409(7),55
$^{126}_{55}Cs$,0,1.64 m,1+,+0.777(4),55
$^{127}_{55}Cs$,0,6.2 h,1/2+,+1.459(7),55
$^{128}_{55}Cs$,0,3.62 m,1+,+0.974(5),55
$^{129}_{55}Cs$,0,32.3 h,1/2+,+1.491(8),55
$^{130}_{55}Cs$,0,29.9 m,1+,+1.460(7),55
$^{131}_{55}Cs$,0,9.69 d,5/2+,+3.53(2),55
$^{132}_{55}Cs$,0,6.47 d,2(-),+2.222(7),55
$^{133}_{55}Cs$,0,stable,7/2+,+2.582025(3),55
$^{134}_{55}Cs$,0,2.06 y,4+,+2.9937(9),55
$^{135}_{55}Cs$,0,3x10*6 y,7/2+,+2.7324(2),55
$^{136}_{55}Cs$,0,13.2 d,5+,+3.711(15),55
$^{137}_{55}Cs$,0,30.17 y,7/2+,+2.8513(7),55
$^{138}_{55}Cs$,0,32.2 m,3-,+0.700(4),55
$^{139}_{55}Cs$,0,9.4 m,7/2+,+2.696(4),55
$^{140}_{55}Cs$,0,65 s,1-,+0.1338953(5),55
$^{141}_{55}Cs$,0,25.1 s,7/2+,+2.438(10),55
$^{143}_{55}Cs$,0,1.78 s,3/2+,+0.870(4),55
$^{144}_{55}Cs$,0,1.00 s,1,-0.546(3),55
$^{145}_{55}Cs$,0,0.59 s,3/2+,+0.784(4),55
$^{146}_{55}Cs$,0,0.34 s,1,-0.515(2),55
$^{121}_{56}Ba$,0,30 s,5/2(+),+0.660(1),56
$^{123}_{56}Ba$,0,2.7 m,5/2+,-0.680(1),56
$^{125}_{56}Ba$,0,3.5 m,1/2+,+0.177(12),56
$^{127}_{56}Ba$,0,12.7 m,1/2(+),+0.0834(10),56
$^{129}_{56}Ba$,0,2.23 h,1/2+,-0.40(2),56
$^{130}_{56}Ba$,357,37 ps,2+,+0.70(6),56
$^{131}_{56}Ba$,0,11.8 d,1/2+,0.708113(15),56
$^{132}_{56}Ba$,465,18 ps,2+,+0.68(6),56
$^{133}_{56}Ba$,0,10.7 y,1/2+,0.77167(2),56
$^{134}_{56}Ba$,605,5.1 ps,2+,+0.86(10),56
$^{135}_{56}Ba$,0,stable,3/2+,+0.83794(2),56
$^{136}_{56}Ba$,819,1.93 ps,2+,+0.69(10),56
$^{137}_{56}Ba$,0,stable,3/2+,+0.93737(2),56
$^{138}_{56}Ba$,1436,0.206 ps,2+,+1.4(2),56
$^{139}_{56}Ba$,0,84.6 m,7/2-,-0.973(5),56
$^{141}_{56}Ba$,0,18.7 m,3/2-,-0.337(5),56
$^{142}_{56}Ba$,359,66 ps,2+,0.85(10),56
$^{143}_{56}Ba$,0,14.5 s,5/2(+),+0.443(11),56
$^{144}_{56}Ba$,199,0.70 ns,2+,0.68(10),56
$^{145}_{56}Ba$,0,4.31 s,5/2(-),-0.285(7),56
$^{146}_{56}Ba$,181,0.85 ns,2+,0.56(14),56
$^{133}_{57}La$,536,60 ns,11/2-,7.5(5),57
$^{135}_{57}La$,2737,50 ns,(27/2)+,0.0(2),57
$^{137}_{57}La$,0,6 x 10*4 y,7/2+,+2.695(6),57
$^{138}_{57}La$,0,1.1x10*11 y,5+,+3.713646(7),57
$^{139}_{57}La$,0,stable,7/2+,+2.7830455(9),57
$^{140}_{57}La$,0,40.3 h,3-,+0.730(15),57
$^{126}_{58}Ce$,2887,8 ps,10+,~+10,58
$^{134}_{58}Ce$,3209,308 ns,10+,-1.87(2),58
$^{135}_{58}Ce$,2126,8.2 ns,19/2+,-0.66(10),58
$^{136}_{58}Ce$,3095,2.2 μs,10+,-1.80(2),58
$^{137}_{58}Ce$,0,9.0 h,3/2+,0.96(4),58
$^{138}_{58}Ce$,3538,82 ns,10+,-1.70(3),58
$^{139}_{58}Ce$,0,137.6 d,3/2+,1.06(4),58
$^{140}_{58}Ce$,1596,90 fs,2+,+1.9(2),58
$^{141}_{58}Ce$,0,32.5 d,7/2-,1.09(4),58
$^{142}_{58}Ce$,641,5.7 ps,2+,+0.42(10),58
$^{143}_{58}Ce$,0,33 h,3/2-,0.43(2),58
$^{146}_{58}Ce$,259,0.25 ns,2+,0.48(10),58
$^{148}_{58}Ce$,158,1.01 ns,2+,0.74(12),58
$^{136}_{59}Pr$,548,90 ns,4+,+2.3(8),59
$^{139}_{59}Pr$,822,45 ns,11/2-,+6.6(5),59
$^{141}_{59}Pr$,0,stable,5/2+,+4.2754(5),59
$^{142}_{59}Pr$,0,19.2 h,2-,+0.234(1),59
$^{143}_{59}Pr$,0,13.57 d,7/2+,+2.701(4),59
$^{144}_{59}Pr$,80,0.12 ns,1-,-1.2(4),59
$^{134}_{60}Nd$,295,64 ps,2+,+1.2(4),60
$^{135}_{60}Nd$,0,12.4 m,9/2-,-0.78(3),60
$^{136}_{60}Nd$,3298,51.3 ps,10+,+11(4),60
$^{137}_{60}Nd$,0,38 m,1/2+,-0.633(5),60
$^{138}_{60}Nd$,3172,330 ns,10+,-1.74(4),60
$^{139}_{60}Nd$,0,30 m,3/2+,+0.907(7),60
$^{140}_{60}Nd$,3622,22 ns,10+,-1.92(12),60
$^{141}_{60}Nd$,0,2.49 h,3/2+,+1.012(9),60
$^{142}_{60}Nd$,1576,110 fs,2+,+1.69(15),60
$^{143}_{60}Nd$,0,stable,7/2-,-1.065(5),60
$^{144}_{60}Nd$,697,4.51 ps,2+,0.32(4),60
$^{145}_{60}Nd$,0,stable,7/2-,-0.656(4),60
$^{146}_{60}Nd$,454,27.5 ps,2+,0.58(2),60
$^{147}_{60}Nd$,0,11.0 d,5/2-,0.578(3),60
$^{148}_{60}Nd$,302,78.3 ps,2+,0.70(4),60
$^{149}_{60}Nd$,0,1.73 h,5/2-,0.351(10),60
$^{150}_{60}Nd$,130,2142 ps,2+,0.76(10),60
$^{138}_{61}Pm$,0,3.5 m,(3+),3.2(9),61
$^{143}_{61}Pm$,0,265 d,5/2+,3.8(5),61
$^{144}_{61}Pm$,0,349 d,5-,1.69(14),61
$^{145}_{61}Pm$,0,17.7 y,5/2+,+3.80(16),61
$^{147}_{61}Pm$,0,2.623 y,7/2+,+2.58(7),61
$^{148}_{61}Pm$,0,5.37 d,1-,+2.1(2),61
$^{149}_{61}Pm$,0,53.1 h,7/2+,3.3(5),61
$^{151}_{61}Pm$,0,28.4 h,5/2 +,1.8(2),61
$^{138}_{62}Sm$,2903,0.55 ns,10+,~10,62
$^{139}_{62}Sm$,0,2.57 m,1/2+,-0.53(2),62
$^{140}_{62}Sm$,3172,19.4 ns,10+,-1.8(2),62
$^{141}_{62}Sm$,0,10.2 m,1/2+,-0.74(2),62
$^{142}_{62}Sm$,2372,170 ns,7-,+0.42,62
$^{143}_{62}Sm$,0,8.83 m,3/2+,+1.01(2),62
$^{144}_{62}Sm$,1660,85 fs,2+,+1.5(2),62
$^{145}_{62}Sm$,0,340 d,7/2-,-1.11(6),62
$^{147}_{62}Sm$,0,1.1x10*11y,7/2-,-0.812(2),62
$^{148}_{62}Sm$,550,7.3 ps,2+,+0.51(4),62
$^{149}_{62}Sm$,0,> 2x10*15 y,7/2-,-0.6677(11),62
$^{150}_{62}Sm$,334,49 ps,2+,+0.77(5),62
$^{151}_{62}Sm$,0,90 y,5/2-,-0.3611(13),62
$^{152}_{62}Sm$,122,1.40 ns,2+,+0.80(6),62
$^{153}_{62}Sm$,0,46.8 h,3/2+,-0.021(3),62
$^{154}_{62}Sm$,82,3.01 ns,2+,+0.78(4),62
$^{155}_{62}Sm$,0,22.4 m,3/2-,NA,62
$^{138}_{63}Eu$,0,12.1 s,(6-),5.3(7),63
$^{139}_{63}Eu$,0,17.9s,(11/2-),6.1(8),63
$^{140}_{63}Eu$,0 + x,1.54 s,1(+),+1.365(13),63
$^{141}_{63}Eu$,0,40 s,5/2+,+3.494(8),63
$^{142}_{63}Eu$,0,2.4 s,1+,+1.54(2),63
$^{143}_{63}Eu$,0,2.6 m,5/2+,+3.673(8),63
$^{144}_{63}Eu$,0,10 s,1+,+1.893(13),63
$^{145}_{63}Eu$,0,5.93 d,5/2+,+3.999(3),63
$^{146}_{63}Eu$,0,4.59 d,4-,+1.421(8),63
$^{147}_{63}Eu$,0,24.1 d,5/2+,+3.736(6),63
$^{148}_{63}Eu$,0,54.5 d,5-,+2.340(10),63
$^{149}_{63}Eu$,0,93.1 d,5/2+,+3.576(10),63
$^{150}_{63}Eu$,0,35.8 y,5(-),+2.708(11),63
$^{151}_{63}Eu$,0,stable,5/2+,+3.4717(6),63
$^{152}_{63}Eu$,0,13.54 y,3-,-1.9401(8),63
$^{153}_{63}Eu$,0,stable,5/2+,+1.5324(3),63
$^{154}_{63}Eu$,0,8.6 y,3-,-2.005(6),63
$^{155}_{63}Eu$,0,4.68 y,5/2+,+1.52(2),63
$^{157}_{63}Eu$,0,15.2 h,5/2+,+1.50(2),63
$^{158}_{63}Eu$,0,45.9 m,1(-),+1.44(2),63
$^{159}_{63}Eu$,0,18.1 m,5/2+,+1.38(2),63
$^{144}_{64}Gd$,3433,130 ns,10+,+12.76(14),64
$^{146}_{64}Gd$,1580,1.1 ns,3-,+2.1(9),64
$^{147}_{64}Gd$,0,38.1 h,7/2-,1.02(9),64
$^{148}_{64}Gd$,2695,16.5 ns,9-,-0.16(2),64
$^{149}_{64}Gd$,0,9.4 d,7/2-,0.88(4),64
$^{151}_{64}Gd$,0,120 d,7/2-,0.77(6),64
$^{152}_{64}Gd$,344,28.6 ps,2+,+0.96(8),64
$^{153}_{64}Gd$,0,241.6 d,3/2-,0.38(8),64
$^{154}_{64}Gd$,123,1.17 ns,2+,+0.96(6),64
$^{155}_{64}Gd$,0,stable,3/2-,-0.2572(4),64
$^{156}_{64}Gd$,89,2.21 ns,2+,+0.82(14),64
$^{157}_{64}Gd$,0,stable,3/2-,-0.3398(7),64
$^{158}_{64}Gd$,80,2.52 ns,2+,+0.78(6),64
$^{159}_{64}Gd$,0,18.6 h,3/2-,-0.44(3),64
$^{160}_{64}Gd$,75,2.70 ns,2+,+.72(4),64
$^{147}_{65}Tb$,0,1.7 h,1/2+,+1.70(5),65
$^{148}_{65}Tb$,0,60 m,2-,-1.75(2),65
$^{149}_{65}Tb$,0,4.12 h,1/2+,+1.35(2),65
$^{150}_{65}Tb$,0 + x,3.48 h,2(-),-0.90(2),65
$^{151}_{65}Tb$,0,17.6 h,1/2(+),+0.919(6),65
$^{152}_{65}Tb$,0,17.5 h,2-,-0.58(2),65
$^{153}_{65}Tb$,0,2.34 d,5/2+,+3.44(2),65
$^{154}_{65}Tb$,0 + x,9.4 h,3-,+1.6(2),65
$^{155}_{65}Tb$,0,5.32 d,3/2+,+2.01(2),65
$^{166}_{65}Tb$,0,5.35 d,3-,1.7(2),65
$^{157}_{65}Tb$,0,99 y,3/2+,+2.01(2),65
$^{158}_{65}Tb$,0,150 y,3-,+1.758(7),65
$^{159}_{65}Tb$,0,stable,3/2+,+2.014(4),65
$^{160}_{65}Tb$,0,72.1 d,3-,1.790(7),65
$^{161}_{65}Tb$,0,6.9 d,3/2+ 2.2(1),NA,65
$^{147}_{66}Dy$,0,~1.3 m,(1/2+) -0.915(9),NA,66
$^{149}_{66}Dy$,0,4.23 m,7/2- -0.119(7),NA,66
$^{151}_{66}Dy$,0,17 m,7/2- -0.945(7),NA,66
$^{152}_{66}Dy$,6129,9.9 ns,21- +11.6(12),NA,66
$^{153}_{66}Dy$,0,6.3 h,7/2- -0.782(6),NA,66
$^{154}_{66}Dy$,yrast,NA,2+ g ratio to 2+ = 1.00,NA,66
$^{155}_{66}Dy$,0,10.0 h,3/2- -0.385(4),NA,66
$^{156}_{66}Dy$,138,0.82 ns,2+,+0.78(8),66
$^{157}_{66}Dy$,0,8.1 h,3/2-,-0.301(2),66
$^{158}_{66}Dy$,99,1.66 μs,2+,+0.72(5),66
$^{159}_{66}Dy$,0,144 d,3/2-,-0.354(3),66
$^{160}_{66}Dy$,87,1.96 ns,2+,+0.74(2),66
$^{161}_{66}Dy$,0,stable,5/2+,-0.480(3),66
$^{162}_{66}Dy$,81,2.25 ns,2+,+0.69(3),66
$^{163}_{66}Dy$,0,stable,5/2-,+0.673(4),66
$^{164}_{66}Dy$,73,2.39 ns,2+,+0.68(2),66
$^{165}_{66}Dy$,0,2.33 h,7/2+,-0.520(5),66
$^{152}_{67}Ho$,0,161.8 s,2-,-1.02(2),67
$^{153}_{67}Ho$,0,2.0 m,11/2-,+6.81(5),67
$^{154}_{67}Ho$,0,11.76 m,2-,-0.643(6),67
$^{155}_{67}Ho$,0,48 m,5/2+,+3.51(3),67
$^{156}_{67}Ho$,0,56 m,4(+),+2.99(3),67
$^{157}_{67}Ho$,0,12.6 m,7/2-,+4.35(3),67
$^{158}_{67}Ho$,0,11.3 m,5+,+3.77(3),67
$^{159}_{67}Ho$,0,35.05 m,7/2-,+4.28(3),67
$^{160}_{67}Ho$,0,25.6 m,5+,+3.71(3),67
$^{161}_{67}Ho$,0,2.48 h,7/2-,+4.25(3),67
$^{162}_{67}Ho$,106,67 m,6-,+3.60(4),67
$^{163}_{67}Ho$,0,4570 y,7/2-,+4.23(4),67
$^{165}_{67}Ho$,0,stable,7/2-,+4.17(3),67
$^{166}_{67}Ho$,6,1200 y,(7)-,3.60(16),67
$^{152}_{68}Er$,2184,1.8 ns,8+,-0.6(6),68
$^{153}_{68}Er$,0,37.1 s,(7/2-),-0.934(5),68
$^{154}_{68}Er$,3016 + x,39 ns,11-,+0.169(13),68
$^{155}_{68}Er$,0,5.3 m,7/2-,-0.669(4),68
$^{156}_{68}Er$,345,33 ps,2+,0.80(12),68
$^{157}_{68}Er$,0,25 m,3/2-,-0.412(3),68
$^{158}_{68}Er$,192,0.30 ns,2+,0.72(11),68
$^{159}_{68}Er$,0,36 m,3/2-,-0.304(2),68
$^{160}_{68}Er$,390,34 ps,4+,1.28(19),68
$^{161}_{68}Er$,0,3.21 h,3/2-,-0.365(3),68
$^{162}_{68}Er$,102,1.3 ns,2+,NA,68
$^{163}_{68}Er$,0,75.1 m,5/2-,+0.557(4),68
$^{164}_{68}Er$,92,1.48 ns,2+,0.697(15),68
$^{165}_{68}Er$,0,10.36 h,5/2-,+0.643(3),68
$^{166}_{68}Er$,81,1.85 ns,2+,+0.649(10),68
$^{167}_{68}Er$,0,stable,7/2+,-0.56385(12),68
$^{168}_{68}Er$,80,1.86 ns,2+,+0.62(6),68
$^{169}_{68}Er$,0,9.40 d,1/2-,+0.52(3),68
$^{170}_{68}Er$,79,1.90 ns,2+,0.633(13),68
$^{171}_{68}Er$,0,7.52 h,5/2-,0.659(10),68
$^{156}_{69}Tm$,0,1.3 m,2-,+0.40(3),69
$^{157}_{69}Tm$,0,3.6 m,1/2+,+0.476(15),69
$^{158}_{69}Tm$,0,4.3 m,2-,+0.04(2),69
$^{159}_{69}Tm$,0,9.0 m,5/2+,+3.42(3),69
$^{160}_{69}Tm$,0,9.4 m,1-,+0.16(2),69
$^{161}_{69}Tm$,0,38 m,7/2+,+2.40(2),69
$^{162}_{69}Tm$,0,21 m,1-,+0.068(8),69
$^{163}_{69}Tm$,0,1.8 h,1/2+,-0.082(1),69
$^{164}_{69}Tm$,0,2.0 m,1+,+2.83(3),69
$^{165}_{69}Tm$,0,30.06 h,1/2+,-0.139(2),69
$^{166}_{69}Tm$,0,7.7 h,2+,+0.092(1),69
$^{167}_{69}Tm$,0,9.25 d,1/2+,-0.197(2),69
$^{168}_{69}Tm$,0,85 d,3+,+0.227(11),69
$^{169}_{69}Tm$,0,stable,1/2+,-0.2310(15) d,69
$^{170}_{69}Tm$,0,128.6 d,1+,+0.246(2),69
$^{171}_{69}Tm$,0,1.92 y,1/2+,-0.228(4),69
$^{155}_{70}Yb$,0,1.59 s,(7/2-),-0.84(8),70
$^{157}_{70}Yb$,0,38.6 s,7/2-,-0.639(8),70
$^{158}_{70}Yb$,band,NA,30 - 38,(+)0.20(7),70
$^{159}_{70}Yb$,0,1.58 m,5/2(-),-0.368(8),70
$^{160}_{70}Yb$,band,NA,~4+,+1.9(10),70
$^{161}_{70}Yb$,0,4.2 m,3/2-,-0.327(8),70
$^{162}_{70}Yb$,cont.,NA,20-32,g(av) = 0.24(5),70
$^{163}_{70}Yb$,0,11.0 m,3/2-,-0.374(8),70
$^{165}_{70}Yb$,0,9.9 m,5/2-,+0.478(8),70
$^{167}_{70}Yb$,0,17.5 m,5/2-,+0.623(8),70
$^{169}_{70}Yb$,0,32.0 d,7/2+,-0.635(8),70
$^{170}_{70}Yb$,84,1.57 ns,2+,+0.674(8),70
$^{171}_{70}Yb$,0,stable,1/2-,+0.49367(1),70
$^{172}_{70}Yb$,260,0.122 ns,4+,NA,70
$^{173}_{70}Yb$,0,stable,5/2-,-0.648(3),70
$^{174}_{70}Yb$,77,1.79 ns,2+,+0.676(8),70
$^{175}_{70}Yb$,0,4.18 d,7/2-,0.768(8),70
$^{176}_{70}Yb$,82,1.8 ns,2+,+0.68(3),70
$^{169}_{71}Lu$,0,34.1 h,7/2+,2.297(13),71
$^{171}_{71}Lu$,0,8.24 d,7/2+,2.305(12),71
$^{172}_{71}Lu$,0,6.70 d,4-,2.893(15),71
$^{173}_{71}Lu$,0,1.37 y,7/2+,2.280(12),71
$^{174}_{71}Lu$,0,3.3 y,1-,1.9(3),71
$^{175}_{71}Lu$,0,stable,7/2+,+2.2323(11),71
$^{176}_{71}Lu$,0,3.6x10*10 y,7-,+3.169(5),71
$^{177}_{71}Lu$,0,6.71 d,7/2+,+2.239(11),71
$^{165}_{72}Hf$,> yrast,_,_,average g = +0.14(3),72
$^{166}_{72}Hf$,> yrast,_,_,average g = +0.19(4),72
$^{168}_{72}Hf$,>1213,~ 1 ps,>6+,average g = +0.07(4),72
$^{172}_{72}Hf$,>1037,~0.5 ps,>6+,average g = +0.14(4),72
$^{173}_{72}Hf$,1984,19.5 ns,23/2-,+6.6(2),72
$^{174}_{72}Hf$,1549,138 ns,(6+),+5.42(5),72
$^{175}_{72}Hf$,0,70 d,5/2-,-0.62(3),72
$^{176}_{72}Hf$,88,1.47 ns,2+,+0.63(6),72
$^{177}_{72}Hf$,0,stable,7/2-,+0.7935(6),72
$^{178}_{72}Hf$,93,1.47 ns,2+,+0.48(3),72
$^{179}_{72}Hf$,0,stable,9/2+,-0.6409(13),72
$^{180}_{72}Hf$,93,1.53 ns,2+,+0.61(3),72
$^{171}_{73}Ta$,184,45 ns,9/2-,NA,73
$^{173}_{73}Ta$,0,3.14 h,5/2-,1.70(3),73
$^{175}_{73}Ta$,0,10.5 h,7/2+,2.27(5),73
$^{177}_{73}Ta$,0,56.6 h,7/2+,2.25(5),73
$^{178}_{73}Ta$,0 + x,9.3 m,1+,2.740(12),73
$^{179}_{73}Ta$,0,1.82 y,7/2+,+2.289(9),73
$^{180}_{73}Ta$,75,>1.2x10*15y,9-,+4.825(11),73
$^{181}_{73}Ta$,0,stable,7/2+,+2.3705(7),73
$^{182}_{73}Ta$,0,115 d,3-,3.02(3),73
$^{183}_{73}Ta$,0,5.1 d,7/2+,(+)2.36(3),73
$^{178}_{74}W$,199,213 ps,2+,+0.50(10),74
$^{179}_{74}W$,3348,750 ns,35/2-,NA,74
$^{180}_{74}W$,104,1.22 ns,2+,0.51(3),74
$^{182}_{74}W$,100,1.37,2+,0.52(2),74
$^{183}_{74}W$,0,stable,1/2-,+0.11778476(9),74
$^{184}_{74}W$,111,1.25 ns,2+,+0.578(14),74
$^{186}_{74}W$,123,1.05 ns,2+,0.62(3),74
$^{187}_{74}W$,0,23.9 h,3/2-,0.621(15),74
$^{179}_{75}Re$,0,19.7 m,(5/2)+,2.8(4),75
$^{180}_{75}Re$,0,2.4 m,(1)-,1.6(2),75
$^{181}_{75}Re$,0,19.9 h,5/2+,3.19(7),75
$^{182}_{75}Re$,0,64.0 h,7+,2.84(6),75
$^{183}_{75}Re$,0,70.0 d,5/2+,3.168(15),75
$^{184}_{75}Re$,0,38.0 d,3-,(+)2.53(5),75
$^{185}_{75}Re$,0,stable,5/2+,+3.1871(3),75
$^{186}_{75}Re$,0,90.6 h,1-,+1.739(6),75
$^{187}_{75}Re$,0,4 x 10*10 y,5/2+,+3.2197(3),75
$^{188}_{75}Re$,0,16.9 h,1-,+1.788(5),75
$^{182}_{76}Os$,7049,150 ns,25(+),+10.6(2),76
$^{183}_{76}Os$,0,13.0 h,9/2+,(-)0.794(14),76
$^{184}_{76}Os$,120,1.18 ns,2+,NA,76
$^{186}_{76}Os$,137,830 ps,2+,+0.56(2),76
$^{187}_{76}Os$,0,stable,1/2-,+0.06465189(6),76
$^{188}_{76}Os$,155,710 ps,2+,+0.58(2),76
$^{189}_{76}Os$,0,stable,3/2-,+0.659933(4),76
$^{190}_{76}Os$,187,366 ps,2+,+0.70(2),76
$^{191}_{76}Os$,0,15.4 d,9/2-,+0.96(3),76
$^{192}_{76}Os$,206,289 ps,2+,+0.79(2),76
$^{193}_{76}Os$,0,30.5 h,3/2-,0.730(2),76
$^{180}_{77}Ir$,0,1.5 m,unknown,2.2(2) [I=3],77
$^{182}_{77}Ir$,0,15 m,unknown,1.91(9) [I=2],77
$^{183}_{77}Ir$,0,55 m,"5/2, 7/2",2.36(8) [I=5/2],77
$^{184}_{77}Ir$,0,3.14 h,5-,0.696(5),77
$^{185}_{77}Ir$,0,14.4 h,5/2-,2.605(13),77
$^{186}_{77}Ir$,0,16.64 h,5+,3.88(5),77
$^{187}_{77}Ir$,0,10.5 h,3/2+,NA,77
$^{188}_{77}Ir$,0,40.5 h,1(-),0.302(10),77
$^{189}_{77}Ir$,0,13.1 d,3/2+,"0.13(+8,-4)",77
$^{190}_{77}Ir$,0,11.8 d,(4)+,0.04(1),77
$^{191}_{77}Ir$,0,stable,3/2+,+0.1507(6),77
$^{193}_{77}Ir$,0,stable,3/2+,+0.1637(6),77
$^{194}_{77}Ir$,0,19.4 h,1-,0.39(1),77
$^{183}_{78}Pt$,0,6.5 m,1/2-,+0.51(3),78
$^{184}_{78}Pt$,163,376 ps,2+,+0.56(6),78
$^{185}_{78}Pt$,0,70.9 m,9/2+,0.774(14),78
$^{186}_{78}Pt$,192,260 ps,2+,+0.54(6),78
$^{187}_{78}Pt$,0,2.35 h,3/2-,0.408(8),78
$^{188}_{78}Pt$,266,64 ps,2+,+0.58(8),78
$^{189}_{78}Pt$,0,10.9 h,3/2-,-0.421(5),78
$^{190}_{78}Pt$,296,60 ps,2+,+0.57(3),78
$^{191}_{78}Pt$,0,2.9 d,3/2-,-0.501(5),78
$^{192}_{78}Pt$,317,43.7 ps,2+,+0.57(3),78
$^{193}_{78}Pt$,0,50 y,1/2-,+0.603(8),78
$^{194}_{78}Pt$,328,41.8 ps,2+,+0.60(3),78
$^{195}_{78}Pt$,0,stable,1/2-,+0.60952(6),78
$^{196}_{78}Pt$,356,34 ps,2+,+0.59(5),78
$^{197}_{78}Pt$,0,18.3 h,1/2-,0.51(2),78
$^{198}_{78}Pt$,407,22.3 ps,2+,+0.63(2),78
$^{182}_{79}Au$,0,21 s,unknown,1.30(10) [I=2],79
$^{183}_{79}Au$,0,42 s,5/2-,+1.97(2),79
$^{184}_{79}Au$,0,21 s,5,+2.07(2),79
$^{185}_{79}Au$,0,4.2 m,5/2-,+2.17(2),79
$^{186}_{79}Au$,0,10.7 m,3-,-1.28(3),79
$^{187}_{79}Au$,0,8.4 m,1/2+,+0.535(15),79
$^{188}_{79}Au$,0,8.8 m,1-,-0.07(3),79
$^{189}_{79}Au$,0,28.7 m,1/2+,+0.494(14),79
$^{190}_{79}Au$,0,42.8 m,1-,-0.065(7),79
$^{191}_{79}Au$,0,3.18 h,3/2+,+0.1369(9),79
$^{192}_{79}Au$,0,5.0 h,1-,-0.0107(15),79
$^{193}_{79}Au$,0,17.65 h,3/2+,0.1396(6),79
$^{194}_{79}Au$,0,39.5 h,1-,+0.0763(13),79
$^{195}_{79}Au$,0,183 d,3/2+,0.1487(6),79
$^{196}_{79}Au$,0,6.18 d,2-,+0.580(15),79
$^{197}_{79}Au$,0,stable,3/2+,+0.145746(9),79
$^{198}_{79}Au$,0,2.696 d,2-,+0.64(2),79
$^{199}_{79}Au$,0,3.14 d,3/2+,+0.261(2),79
$^{200}_{79}Au$,962,18.7 h,12-,5.90(9),79
$^{181}_{80}Hg$,0,3.6 s,1/2(-),+0.5071(7),80
$^{183}_{80}Hg$,0,8.8 s,1/2-,+0.524(5),80
$^{185}_{80}Hg$,0,55 s,1/2-,+0.509(4),80
$^{187}_{80}Hg$,0,2.4 m,13/2+,-1.044(11),80
$^{188}_{80}Hg$,2724,135 ns,12+,-2.02(12),80
$^{189}_{80}Hg$,0,7.6 m,3/2-,-0.6086(8),80
$^{190}_{80}Hg$,2621,21 ns,12+,-2.5(2),80
$^{191}_{80}Hg$,0,49 m,3/2-,-0.618(11),80
$^{193}_{80}Hg$,0,3.80 h,3/2-,-0.6276(2),80
$^{194}_{80}Hg$,2424,2.9 ns,10+,g(avge) = -0.24(4),80
$^{195}_{80}Hg$,0,9.9 h,1/2-,+0.5414749(14),80
$^{196}_{80}Hg$,1841,5.2 ns,7-,-0.29(13),80
$^{197}_{80}Hg$,0,64.1 h,1/2-,+0.5273744(9) d,80
$^{198}_{80}Hg$,412,23 ps,2+,+0.76(6),80
$^{199}_{80}Hg$,0,stable,1/2-,+0.5058855(9),80
$^{200}_{80}Hg$,368,46.6 ps,2+,+0.65(5),80
$^{201}_{80}Hg$,0,stable,3/2-,-0.5602257(14),80
$^{202}_{80}Hg$,440,27.3 ps,2+,+0.78(6),80
$^{203}_{80}Hg$,0,46.8 d,5/2-,+0.84895(13),80
$^{204}_{80}Hg$,437,40.2 ps,2+,+0.9(2),80
$^{205}_{80}Hg$,0,5.2 m,1/2-,+0.60089(10),80
$^{206}_{80}Hg$,2102,2.15 μs,5-,+5.45(5),80
$^{187}_{81}Tl$,0,51 s,(1/2+),1.55(6),81
$^{188}_{81}Tl$,0 + x,71 s,7+,+0.483(8),81
$^{189}_{81}Tl$,281,1.4 m,9/2-,+3.878(6),81
$^{190}_{81}Tl$,0 + x,2.6 m,2-,+0.254(2),81
$^{191}_{81}Tl$,0,2.2 m,1/2+,+1.588(4),81
$^{192}_{81}Tl$,0 + x,9.6 m,2-,+0.200(3),81
$^{193}_{81}Tl$,0,21.6 m,1/2+,+1.591(2),81
$^{194}_{81}Tl$,0,34 m,2-,+0.140(3),81
$^{195}_{81}Tl$,0,1.16 h,1/2+,+1.58(4),81
$^{196}_{81}Tl$,0,1.84 h,2-,+0.072(3),81
$^{197}_{81}Tl$,0,2.84 h,1/2+,+1.58(2),81
$^{198}_{81}Tl$,0,5.3 h,2-,0.00(1),81
$^{199}_{81}Tl$,0,7.4 h,1/2+,+1.60(2),81
$^{200}_{81}Tl$,0,26.1 h,2-,0.04(1),81
$^{201}_{81}Tl$,0,73 h,1/2+,+1.605(2),81
$^{202}_{81}Tl$,0,12.2 d,2-,0.06(1),81
$^{203}_{81}Tl$,0,stable,1/2+,+1.62225787(12),81
$^{204}_{81}Tl$,0,3.78 y,2-,0.09(1),81
$^{205}_{81}Tl$,0,stable,1/2+,+1.63821461(12),81
$^{206}_{81}Tl$,1405,78 ns,(5)+,+4.27(6),81
$^{207}_{81}Tl$,0,4.77 m,1/2+,+1.876(5),81
$^{208}_{81}Tl$,0,3.05 m,5(+),+0.292(13),81
$^{191}_{82}Pb$,138,2.18 m,13/2+,-1.172(7),82
$^{192}_{82}Pb$,2581+d,1.07 μs,12+,2.08(2),82
$^{193}_{82}Pb$,100,5.8 m,13/2+,-1.150(7),82
$^{194}_{82}Pb$,2407,18 ns,9-,-0.6(4),82
$^{195}_{82}Pb$,203,15.0 m,13/2+,-1.128(7),82
$^{196}_{82}Pb$,1797,185 ns,5-,+0.490(15),82
$^{197}_{82}Pb$,0,8 m,3/2-,-1.075(2),82
$^{198}_{82}Pb$,1823,49 ns,5-,+0.38(3),82
$^{199}_{82}Pb$,0,1.5 h,3/2-,-1.0742(12),82
$^{200}_{82}Pb$,2154,44 ns,7-,-0.21(10),82
$^{201}_{82}Pb$,0,9.33 h,5/2-,+0.6753(5),82
$^{202}_{82}Pb$,1384,1.97 ns,4+,+0.008(16),82
$^{203}_{82}Pb$,0,51.9 h,5/2-,+0.6864(5),82
$^{204}_{82}Pb$,899,2.94 ps,2+,<0.02,82
$^{205}_{82}Pb$,0,1.5x10*7y,5/2-,+0.7117(4),82
$^{206}_{82}Pb$,803,8.4 ps,2+,<0.03,82
$^{207}_{82}Pb$,0,stable,1/2-,+0.592583(9),82
$^{208}_{82}Pb$,2615,15 ps,3-,+1.9(2),82
$^{209}_{82}Pb$,0,3.25 h,9/2+,-1.4735(16),82
$^{211}_{82}Pb$,0,36.1 m,9/2+,-1.4037(8),82
$^{199}_{83}Bi$,0,11.8 h,9/2-,4.6(4),83
$^{201}_{83}Bi$,0,108 m,9/2-,4.8(3),83
$^{202}_{83}Bi$,0,1.72 h,5+,4.9(3),83
$^{203}_{83}Bi$,0,11.8 h,9/2-,+4.017(13),83
$^{204}_{83}Bi$,0,11.22 h,6+,+4.322(15),83
$^{205}_{83}Bi$,0,15.3 d,9/2-,+4.605(7),83
$^{206}_{83}Bi$,0,6.243 d,6+,+4.361(8),83
$^{207}_{83}Bi$,0,32.2 y,9/2-,4.081(9),83
$^{208}_{83}Bi$,0,3.7x10*5 y,5+,+4.633(10),83
$^{209}_{83}Bi$,0,stable,9/2-,+4.1103(5) d,83
$^{210}_{83}Bi$,0,5.01 d,1-,-0.04451(6),83
$^{211}_{83}Bi$,405,315 ps,7/2-,+4.5(7),83
$^{212}_{83}Bi$,0,60.6 m,1(-),0.41(5),83
$^{213}_{83}Bi$,0,45.6 m,9/2-,3.89(9),83
$^{198}_{84}Po$,1854,29 ns,8+,+7.3(2),84
$^{199}_{84}Po$,310,4.2 m,13/2+,0.99(7),84
$^{200}_{84}Po$,1774,61 ns,8+,+7.44(16),84
$^{201}_{84}Po$,0,15.3 m,3/2-,0.94(8),84
$^{202}_{84}Po$,1712,110 ns,8+,7.45(12),84
$^{203}_{84}Po$,0,36.7 m,5/2-,0.74(6),84
$^{204}_{84}Po$,1639,158 ns,8+,+7.38(10),84
$^{205}_{84}Po$,0,1.66 h,5/2-,+0.76(6),84
$^{206}_{84}Po$,1586,212 ns,8+,+7.34(7),84
$^{207}_{84}Po$,0,5.79 h,5/2-,+0.79(6),84
$^{208}_{84}Po$,1524,4.3 ns,6+,+5.3(6),84
$^{209}_{84}Po$,0,102 y,1/2-,0.68(8),84
$^{210}_{84}Po$,1473,43 ns,6+,5.48(5),84
$^{211}_{84}Po$,1065,16 ns,15/2-,-0.38(15),84
$^{207}_{85}At$,2117,108 ns,25/2+,+3.75(13),85
$^{208}_{85}At$,1090,48 ns,10-,+2.69(3),85
$^{209}_{85}At$,1428,26 ns,21/2-,+10.0(2),85
$^{210}_{85}At$,1363,28.4 ns,11+,+9.8(3),85
$^{211}_{85}At$,1417,35.1 ns,21/2-,+9.56(9),85
$^{212}_{85}At$,888,19.4 ns,11+,5.94(11),85
$^{217}_{85}At$,0,32 ms,9/2-,3.8(2),85
$^{203}_{86}Rn$,361,28 s,(13/2+),-0.960(11),86
$^{205}_{86}Rn$,0,2.83 m,5/2-,+0.802(9),86
$^{206}_{86}Rn$,1922,13.5 ns,8+,6.6(4),86
$^{207}_{86}Rn$,0,9.3 m,5/2-,+0.816(9),86
$^{208}_{86}Rn$,1826,490 ns,8+,6.98(8),86
$^{209}_{86}Rn$,0,29 m,5/2-,(+)0.8388(4),86
$^{210}_{86}Rn$,1665+x,644 ns,(8+),7.18(6),86
$^{211}_{86}Rn$,0,14.6 h,1/2-,+0.601(7),86
$^{212}_{86}Rn$,1502,8.8 ns,4+,4.0(2),86
$^{213}_{86}Rn$,1664,29 ns,21/2+,4.73(11),86
$^{219}_{86}Rn$,0,3.96 s,5/2+,-0.442(5),86
$^{221}_{86}Rn$,0,25 m,(7/2+),-0.020(1),86
$^{222}_{86}Rn$,186,0.32 ns,2+,+0.92(14),86
$^{223}_{86}Rn$,0,23.2 m,7/2,-0.776(8),86
$^{225}_{86}Rn$,0,4.5 m,7/2-,-0.696(8),86
$^{207}_{87}Fr$,0,14.8 s,9/2-,+3.89(8),87
$^{208}_{87}Fr$,0,58.6 s,7+,+4.75(10),87
$^{209}_{87}Fr$,0,50 s,9/2-,+3.95(8),87
$^{210}_{87}Fr$,0,3.2 m,6+,+4.40(9),87
$^{211}_{87}Fr$,0,3.1 m,9/2-,+4.00(8),87
$^{212}_{87}Fr$,0,19.3 m,5+,+4.62(9),87
$^{213}_{87}Fr$,0,34.7 s,9/2-,+4.02(8),87
$^{214}_{87}Fr$,640,103 ns,11+,"+5.62(7) K, d",87
$^{215}_{87}Fr$,1500+/-75,4 ns,(21/2)+/-1,g=0.33(10),87
$^{220}_{87}Fr$,0,27.4 s,1+,-0.67(1),87
$^{221}_{87}Fr$,0,4.8 m,5/2-,+1.58(3),87
$^{222}_{87}Fr$,0,14.2 m,2-,+0.63(1),87
$^{223}_{87}Fr$,0,21.8 m,3/2(-),+1.17(2),87
$^{224}_{87}Fr$,0,3.3 m,1(-),+0.40(1),87
$^{225}_{87}Fr$,0,3.9 m,3/2-,+1.07(2),87
$^{226}_{87}Fr$,0,48 s,1,+0.0712(14),87
$^{227}_{87}Fr$,0,2.4 m,1/2+,+1.50(3),87
$^{228}_{87}Fr$,0,39 s,2-,-0.76(2),87
$^{209}_{88}Ra$,0,4.7 s,5/2-,+0.865(13),88
$^{211}_{88}Ra$,0,13s,5/2-,+0.878(4),88
$^{212}_{88}Ra$,1958,10.9 μs,8+,7.10(7),88
$^{213}_{88}Ra$,0,2.7 m,1/2-,+0.613(2),88
$^{214}_{88}Ra$,1865,67μs,8+,7.08(3),88
$^{215}_{88}Ra$,3738,0.59 μs,(43/2-),15.78 (15),88
$^{216}_{88}Ra$,1508,0.5 ns,6+,g(avge) = 0.1(3),88
$^{221}_{88}Ra$,0,30 s,5/2-,-0.180(2),88
$^{223}_{88}Ra$,0,11.44 d,3/2+,+0.271(2),88
$^{224}_{88}Ra$,84,0.74 ns,2+,+0.9(2),88
$^{225}_{88}Ra$,0,14.8 d,1/2-,-0.7338(15),88
$^{227}_{88}Ra$,0,42.2 m,3/2+,-0.404(2),88
$^{229}_{88}Ra$,0,4.0 m,5/2(+),+0.503(3),88
$^{215}_{89}Ac$,1621,30 ns,17/2-,7.82(16),89
$^{217}_{89}Ac$,0,69 ns,9/2-,+3.83(5),89
$^{227}_{89}Ac$,0,21.77 y,3/2-,+1.1(1),89
$^{229}_{90}Th$,0,7340 y,5/2+,+0.46(4),90
$^{232}_{90}Th$,gsband,NA,NA,g(18-24)>g(10-16),90
$^{228}_{91}Pa$,0,22 h,(3+),3.5(5),91
$^{230}_{91}Pa$,0,17.4 d,(2-),2.0(2),91
$^{231}_{91}Pa$,0,3.3x10*4y,(2-),2.01(2),91
$^{233}_{91}Pa$,0,27.0 d,3/2-,4.0(7),91
$^{233}_{92}U$,0,1.6x10*5y,5/2+,μ/μ(235U),92
$^{235}_{92}U$,0,7.0x10*8y,7/2-,-0.38(3),92
$^{238}_{92}U$,gsband,NA,NA,g(18-24)>g(10-16),92
$^{237}_{93}Np$,0,2.1x10*6y,5/2+,+3.14(4),93
$^{239}_{93}Np$,75,1.40 ns,5/2-,+2.0(3),93
$^{237}_{94}Pu$,~2300,85 ns,(3/2),-0.68(5),94
$^{239}_{94}Pu$,0,2.4x10*4y,1/2+,+0.203(4),94
$^{241}_{94}Pu$,0,14.4 y,5/2+,-0.683(15),94
$^{239}_{95}Am$,~2500,163 ns,(7/2+),(+)2.6(2),95
$^{241}_{95}Am$,0,432.7 y,5/2-,+1.58(1),95
$^{242}_{95}Am$,0,16.0 h,1-,+0.3879(15),95
$^{243}_{95}Am$,0,7370 y,5/2-,μ/μ(241Am) = 0.951(7),95
$^{243}_{96}Cm$,0,28.5 y,5/2+,0.40(8),96
$^{245}_{96}Cm$,0,8500 y,7/2+,0.5(1),96
$^{247}_{96}Cm$,0,1.6x10*7y,9/2-,0.36(7),96
$^{249}_{97}Bk$,0,320 d,7/2+,2.0(4),97
$^{253}_{99}Es$,0,20.4 d,7/2+,+4.10(7),99
$^{254}_{99}Es$,78,39.3 h,2+,2.90(7),99
